No,日期,到达人数,目的地,共乘序号,到达时间（验票时间）,上车时间,lng,lat,latlng,聚类分组
0,2018/4/20,1,新城市广场,1,9:52,10:18,104.057651,30.67383,"104.057651,30.67383",2
1,2018/4/20,1,太成宾馆,1,10:11,10:18,104.053237,30.646505,"104.053237,30.646505",2
2,2018/4/20,1,成都外双楠希尔顿欢朋酒店,2,11:03,11:14,103.994865,30.649418,"103.994865,30.649418",2
3,2018/4/20,1,西岸蒂景A座,3,11:13,11:39,104.053962,30.674086,"104.053962,30.674086",2
4,2018/4/20,1,7天酒店(成都春熙路盐市口店),4,12:40,12:55,104.078304,30.657437,"104.078304,30.657437",2
5,2018/4/20,1,禾嘉利好,4,12:31,12:55,104.084367,30.696078,"104.084367,30.696078",2
6,2018/4/20,1,成都盛铂仕丹酒店武侯祠店,5,13:18,13:46,104.01362,30.64666,"104.01362,30.64666",2
7,2018/4/20,4,成都中心世茂睿选尚品酒店,6,14:00,14:30,104.07665,30.65986,"104.07665,30.65986",2
8,2018/4/20,2,成都宽窄巷子希尔顿欢朋酒店,7,14:47,14:59,104.05283,30.68131,"104.05283,30.68131",2
9,2018/4/20,2,肖家河北街,8,15:48,15:59,104.042849,30.633738,"104.042849,30.633738",2
10,2018/4/20,1,成都东站,9,16:55,17:05,104.141625,30.62886,"104.141625,30.62886",2
11,2018/4/20,1,华西国际,10,17:16,17:36,104.058951,30.643685,"104.058951,30.643685",2
12,2018/4/20,2,首座万丽,11,17:29,17:58,104.066565,30.612248,"104.066565,30.612248",1
13,2018/4/20,4,何日君酒店(人南店),12,17:48,18:12,104.06642,30.624537,"104.06642,30.624537",2
14,2018/4/20,1,新品汉庭酒店成都天府广场盐市口店,13,19:58,20:23,104.06962,30.66015,"104.06962,30.66015",2
15,2018/4/20,2,成都印主题城市别墅酒店名流花园店,14,20:03,20:23,104.002619,30.653294,"104.002619,30.653294",2
16,2018/4/20,2,玉林会所（玉林店）,13,20:03,20:23,104.060474,30.62651,"104.060474,30.62651",2
17,2018/4/20,1,安逸酒店(成都西南财大地铁站店),14,20:18,20:23,104.077778,30.654769,"104.077778,30.654769",2
18,2018/4/20,1,汉庭酒店(宽窄巷子新店),15,20:47,21:07,104.053891,30.66818,"104.053891,30.66818",2
19,2018/4/20,1,成都埃菲尔国际酒店,15,20:49,21:07,104.027287,30.632327,"104.027287,30.632327",2
20,2018/4/20,1,天晴国际青年客栈,16,20:57,21:20,104.042952,30.654906,"104.042952,30.654906",2
21,2018/4/20,1,瑞升望江橡树林,16,21:10,21:20,104.091832,30.622495,"104.091832,30.622495",2
22,2018/4/20,1,成都东站东广场,17,21:22,21:46,104.143974,30.628064,"104.143974,30.628064",2
23,2018/4/20,1,维也纳酒店(成都春熙路天府广场地铁站店),17,21:34,21:46,104.065751,30.657453,"104.065751,30.657453",2
24,2018/4/20,1,成都万友睿柏云酒店,18,21:44,22:11,104.10337,30.60094,"104.10337,30.60094",1
25,2018/4/20,1,金茂光明城市,19,21:46,22:12,104.046359,30.527427,"104.046359,30.527427",1
26,2018/4/20,2,紫竹苑,18,21:54,22:11,104.05252,30.615756,"104.05252,30.615756",1
27,2018/4/20,1,cpe大楼,19,22:02,22:12,104.067368,30.545046,"104.067368,30.545046",1
28,2018/4/20,1,成都轩雅映月酒店,20,22:02,22:29,104.07553,30.652681,"104.07553,30.652681",2
29,2018/4/20,2,成都西门智选假日酒店-停车场,20,22:07,22:29,104.029866,30.636913,"104.029866,30.636913",2
30,2018/4/20,1,宽窄巷子,21,22:03,22:13,104.053617,30.663833,"104.053617,30.663833",2
31,2018/4/20,4,金河宾馆,20,22:20,22:29,104.056091,30.661776,"104.056091,30.661776",2
32,2018/4/20,1,如家快捷酒店成都春熙路太古里书院街站,22,22:19,22:39,104.07773,30.656547,"104.07773,30.656547",2
33,2018/4/20,4,成都芙蓉饭店,23,22:19,22:41,104.058902,30.670086,"104.058902,30.670086",2
34,2018/4/20,2,科甲大厦,23,22:29,22:41,104.079342,30.656251,"104.079342,30.656251",2
35,2018/4/20,2,成都尚锦和美春熙太古里酒店,24,22:44,23:06,104.08493,30.651925,"104.08493,30.651925",2
36,2018/4/20,1,成都高新实验中学新北校区,24,22:50,23:06,104.038652,30.603918,"104.038652,30.603918",1
37,2018/4/20,1,海滨铂雅酒店,24,22:54,23:06,104.103951,30.713386,"104.103951,30.713386",2
38,2018/4/20,1,金科一城,24,22:56,23:06,104.111817,30.711406,"104.111817,30.711406",2
39,2018/4/20,1,一号线火车北站地铁站,25,23:01,23:25,104.073972,30.695568,"104.073972,30.695568",2
40,2018/4/20,1,中国工商银行(天顺路支行),25,23:07,23:25,104.071246,30.591621,"104.071246,30.591621",1
41,2018/4/20,1,景茂城果,26,23:06,23:25,104.06927,30.52827,"104.06927,30.52827",1
42,2018/4/20,2,丽景华庭,27,23:13,23:36,104.015689,30.651247,"104.015689,30.651247",2
43,2018/4/20,1,世纪城,28,23:24,23:36,104.071362,30.556128,"104.071362,30.556128",1
44,2018/4/20,4,成都寓尊精品公寓,29,23:33,23:46,104.06899,30.66576,"104.06899,30.66576",2
45,2018/4/20,2,成都花园,30,23:44,0:08,104.011714,30.655637,"104.011714,30.655637",2
46,2018/4/20,1,南苑B区,31,23:46,0:11,104.05696,30.57472,"104.05696,30.57472",1
47,2018/4/20,1,成都瑞欣酒店,30,0:03,0:08,104.052029,30.675318,"104.052029,30.675318",2
48,2018/4/20,2,七天快捷主题公寓(成都东站店),32,0:03,0:12,104.14078,30.62881,"104.14078,30.62881",2
49,2018/4/20,1,智慧康城,33,0:08,0:25,104.046605,30.709158,"104.046605,30.709158",2
50,2018/4/20,1,桔子酒店精选(成都顺城店),33,0:11,0:25,104.072594,30.666769,"104.072594,30.666769",2
51,2018/4/20,2,百世酒店,33,0:18,0:25,104.086735,30.651399,"104.086735,30.651399",2
52,2018/4/20,1,华润幸福里,34,0:20,0:43,104.119337,30.610139,"104.119337,30.610139",1
53,2018/4/20,1,锦江之星酒店(成都金仙桥店),34,0:30,0:43,104.052196,30.67722,"104.052196,30.67722",2
54,2018/4/20,1,艺家风格酒店,35,0:25,0:48,104.011298,30.695041,"104.011298,30.695041",2
55,2018/4/20,1,华林南苑,36,0:42,1:09,104.139872,30.682812,"104.139872,30.682812",2
56,2018/4/20,1,东方广场,36,0:46,1:09,104.090021,30.647671,"104.090021,30.647671",2
57,2018/4/20,1,四川省社会科学院,36,0:46,1:09,104.041584,30.653032,"104.041584,30.653032",2
58,2018/4/20,1,成都索菲斯民族大酒店,37,0:52,1:10,104.045867,30.673148,"104.045867,30.673148",2
59,2018/4/20,1,如家精选酒店(太古里天祥街店),37,0:49,1:10,104.083726,30.653334,"104.083726,30.653334",2
60,2018/4/20,1,西门车站,37,0:49,1:10,104.0433,30.684417,"104.0433,30.684417",2
61,2018/4/20,1,成都现代城,38,1:11,1:26,104.048827,30.652994,"104.048827,30.652994",2
62,2018/4/20,1,圣沅汇景樱桃季,39,1:17,1:31,104.015558,30.642351,"104.015558,30.642351",2
63,2018/4/20,1,桔子酒店精选(成都环球中心店),39,1:22,1:31,104.086167,30.654578,"104.086167,30.654578",2
64,2018/4/20,1,清溪西路,39,1:21,1:31,104.022406,30.678537,"104.022406,30.678537",2
65,2018/4/20,1,三四五时尚,39,1:22,1:31,104.02472,30.62919,"104.02472,30.62919",2
66,2018/4/20,1,成都如客酒店,40,1:23,1:31,104.03712,30.63956,"104.03712,30.63956",2
67,2018/4/20,4,福兴苑,41,1:30,1:47,104.019548,30.694275,"104.019548,30.694275",2
68,2018/4/20,1,尊宝披萨意式休闲餐厅,41,1:28,1:50,104.078036,30.65792,"104.078036,30.65792",2
69,2018/4/20,1,成都初见精品公寓,42,1:36,1:46,104.08652,30.66134,"104.08652,30.66134",2
70,2018/4/20,2,锦江之星酒店(成都文殊坊店),42,1:32,1:46,104.072553,30.670975,"104.072553,30.670975",2
71,2018/4/20,2,家益欣城,43,1:34,1:58,104.051227,30.53137,"104.051227,30.53137",1
72,2018/4/20,2,如家快捷酒店(成都华西医大省体育馆地铁站店),44,1:38,1:57,104.06353,30.62944,"104.06353,30.62944",2
73,2018/4/20,1,净居寺,45,1:50,2:04,104.108307,30.622849,"104.108307,30.622849",2
74,2018/4/20,1,新品汉庭酒店成都科华北路四川大学店,45,1:54,2:04,104.077368,30.633977,"104.077368,30.633977",2
75,2018/4/20,1,成都东站,45,1:46,2:04,104.141625,30.62886,"104.141625,30.62886",2
76,2018/4/20,1,一环路东二段,46,2:07,2:20,104.101906,30.663195,"104.101906,30.663195",2
77,2018/4/20,1,高碑瑞苑,47,2:07,2:29,104.0052,30.627283,"104.0052,30.627283",2
78,2018/4/20,1,四威大厦,48,2:13,2:40,104.042138,30.684551,"104.042138,30.684551",2
79,2018/4/20,1,天香包点(天香店),48,2:17,2:40,104.058616,30.539705,"104.058616,30.539705",1
80,2018/4/20,1,白云花园,47,2:19,2:29,104.085828,30.607707,"104.085828,30.607707",1
81,2018/4/20,1,三四五时尚,49,2:19,2:39,104.02472,30.62919,"104.02472,30.62919",2
82,2018/4/20,1,茶店子,49,2:23,2:39,104.027434,30.697177,"104.027434,30.697177",2
83,2018/4/20,1,南馨苑,49,2:25,2:39,104.053627,30.612278,"104.053627,30.612278",1
84,2018/4/20,1,hewoo筑梦空间青年公寓(成都东站店),50,2:40,3:05,104.14078,30.62881,"104.14078,30.62881",2
85,2018/4/20,2,浅水半岛,50,2:40,3:05,104.106125,30.686346,"104.106125,30.686346",2
86,2018/4/20,1,徒行陌客青年旅舍(成都宽窄巷子店),51,2:51,3:04,104.048143,30.666185,"104.048143,30.666185",2
87,2018/4/20,1,武侯祠,,3:03,,104.048658,30.64542,"104.048658,30.64542",2
88,2018/4/20,1,西单商场,,3:04,,104.000441,30.674786,"104.000441,30.674786",2
89,2018/4/20,1,撒哈拉何兮青年空间,,3:01,,104.067413,30.643081,"104.067413,30.643081",2
90,2018/4/20,1,高笋塘站,,3:10,,104.090515,30.693499,"104.090515,30.693499",2
91,2018/4/21,1,首座万豪酒店,1,9:47,10:03,104.068868,30.586267,"104.068868,30.586267",1
92,2018/4/21,1,环球汇天誉蔚蓝,2,10:03,10:15,104.11275,30.6355,"104.11275,30.6355",2
93,2018/4/21,1,新世纪环球购物广场,3,10:40,11:06,104.063392,30.568751,"104.063392,30.568751",1
94,2018/4/21,2,紫东阳光一期,4,11:12,11:32,104.111194,30.646022,"104.111194,30.646022",2
95,2018/4/21,1,锦城宽窄精品主题服务公寓（原成都帽美宽窄精品体验公寓）,4,11:27,11:32,104.05983,30.675714,"104.05983,30.675714",2
96,2018/4/21,1,琉璃一街站,5,11:47,12:19,104.09588,30.60427,"104.09588,30.60427",1
97,2018/4/21,1,一路向北青年旅社,6,12:48,13:07,104.068665,30.653902,"104.068665,30.653902",2
98,2018/4/21,4,哈斯顿酒店,7,13:16,13:28,104.06972,30.66629,"104.06972,30.66629",2
99,2018/4/21,4,联森酒店(宽窄巷子店),8,13:31,13:56,104.04314,30.66856,"104.04314,30.66856",2
100,2018/4/21,2,春熙路南端步行街,9,14:26,14:49,104.078328,30.655385,"104.078328,30.655385",2
101,2018/4/21,2,蓉城云熙精品度假公寓,10,15:51,16:15,104.071335,30.669462,"104.071335,30.669462",2
102,2018/4/21,2,宽窄芙蓉精品度假公寓,11,15:56,16:15,104.048882,30.66893,"104.048882,30.66893",2
103,2018/4/21,2,宽窄芙蓉精品度假公寓,11,15:56,16:15,104.048882,30.66893,"104.048882,30.66893",2
104,2018/4/21,2,锦里小吃街,12,17:32,17:49,104.049882,30.647148,"104.049882,30.647148",2
105,2018/4/21,2,全季酒店(成都高新店),13,18:14,18:37,104.06613,30.54345,"104.06613,30.54345",1
106,2018/4/21,1,高地中心,14,18:50,19:15,104.104144,30.668813,"104.104144,30.668813",2
107,2018/4/21,1,天湖宾馆,15,19:24,19:36,104.065848,30.684508,"104.065848,30.684508",2
108,2018/4/21,4,新鸿社区,16,20:10,20:36,104.104019,30.660452,"104.104019,30.660452",2
109,2018/4/21,2,格兰威尔酒店(阳光地带东),17,20:18,20:39,104.017316,30.692503,"104.017316,30.692503",2
110,2018/4/21,1,成都馨乐庭城南服务公寓,18,20:30,20:56,104.066272,30.547026,"104.066272,30.547026",1
111,2018/4/21,1,慕和南道,19,20:39,21:24,104.050862,30.528037,"104.050862,30.528037",1
112,2018/4/21,1,成都瑞庭连锁酒店(晨辉二街店),20,21:10,21:28,104.10468,30.61234,"104.10468,30.61234",1
113,2018/4/21,1,泛悦国际,20,21:27,21:28,104.079355,30.613172,"104.079355,30.613172",1
114,2018/4/21,1,西二道街口,21,21:26,21:49,104.056079,30.672683,"104.056079,30.672683",2
115,2018/4/21,1,锦江宾馆,21,21:39,21:49,104.064678,30.648456,"104.064678,30.648456",2
116,2018/4/21,2,四川省地方税务局,22,21:49,22:15,104.075832,30.645017,"104.075832,30.645017",2
117,2018/4/21,1,阳光金沙,22,21:53,22:15,104.011355,30.69054,"104.011355,30.69054",2
118,2018/4/21,1,东客站,23,21:52,22:15,104.140903,30.622395,"104.140903,30.622395",2
119,2018/4/21,1,成都斑斓家民宿九眼桥店,23,22:02,22:15,104.092316,30.643276,"104.092316,30.643276",2
120,2018/4/21,2,西南交通大学(九里校区),24,22:59,23:14,104.053006,30.698733,"104.053006,30.698733",2
121,2018/4/21,1,康河郦景,25,23:04,23:31,104.02455,30.65046,"104.02455,30.65046",2
122,2018/4/21,1,神仙树大院,25,23:17,23:31,104.043296,30.616511,"104.043296,30.616511",1
123,2018/4/21,1,沙河堡医院,26,23:17,23:39,104.126436,30.617672,"104.126436,30.617672",1
124,2018/4/21,1,四川大学,27,23:41,0:04,104.085486,30.629794,"104.085486,30.629794",2
125,2018/4/21,1,锦洲花园,27,23:53,0:04,104.094935,30.62383,"104.094935,30.62383",2
126,2018/4/21,1,爱家馨城,28,23:55,0:17,104.028448,30.637489,"104.028448,30.637489",2
127,2018/4/21,1,康河郦景,28,23:57,0:17,104.02455,30.65046,"104.02455,30.65046",2
128,2018/4/21,1,伊丽特酒店,29,0:03,0:18,104.085958,30.694096,"104.085958,30.694096",2
129,2018/4/21,1,金茂假日,29,0:03,0:18,104.092627,30.643162,"104.092627,30.643162",2
130,2018/4/21,1,金茂假日,29,0:03,0:18,104.092627,30.643162,"104.092627,30.643162",2
131,2018/4/21,1,成都瑞思博雅酒店,28,0:10,0:17,104.055037,30.672764,"104.055037,30.672764",2
132,2018/4/21,1,成都站,29,0:12,0:18,104.073403,30.696772,"104.073403,30.696772",2
133,2018/4/21,1,太平园,30,0:22,0:39,104.018008,30.620858,"104.018008,30.620858",2
134,2018/4/21,1,成都希尔顿酒店,31,0:24,0:44,104.068142,30.549534,"104.068142,30.549534",1
135,2018/4/21,1,环球中心,31,0:25,,104.063117,30.568738,"104.063117,30.568738",1
136,2018/4/21,1,蓝光云鼎,30,0:25,0:39,104.027704,30.687387,"104.027704,30.687387",2
137,2018/4/21,1,锦江之星酒店(成都白果林地铁站店),32,0:46,1:08,104.032356,30.675341,"104.032356,30.675341",2
138,2018/4/21,2,泡桐树公寓,32,0:50,1:28,104.052431,30.665589,"104.052431,30.665589",2
139,2018/4/21,1,龙腾小区,33,1:16,1:37,104.015716,30.653256,"104.015716,30.653256",2
140,2018/4/21,1,成都轩雅映月酒店,34,1:17,1:35,104.07553,30.652681,"104.07553,30.652681",2
141,2018/4/21,2,福顺苑-西门,33,1:21,1:37,104.074221,30.703386,"104.074221,30.703386",2
142,2018/4/21,1,时代天骄,34,1:26,1:35,104.082825,30.672475,"104.082825,30.672475",2
143,2018/4/21,1,礼顿酒店,34,1:27,1:35,104.086725,30.66449,"104.086725,30.66449",2
144,2018/4/21,1,二环路西二段77号院,35,1:38,2:04,104.020704,30.671691,"104.020704,30.671691",2
145,2018/4/21,1,成都站,36,1:44,2:05,104.073403,30.696772,"104.073403,30.696772",2
146,2018/4/21,1,金楠国际,35,1:47,2:04,104.013507,30.633525,"104.013507,30.633525",2
147,2018/4/21,1,锦江之星酒店(成都春熙路王府井店),36,1:49,2:05,104.076291,30.654189,"104.076291,30.654189",2
148,2018/4/21,1,山水时尚酒店(九眼桥店),37,2:13,2:37,104.092476,30.643636,"104.092476,30.643636",2
149,2018/4/21,1,一品荷花,37,2:28,2:37,104.080588,30.696709,"104.080588,30.696709",2
150,2018/4/21,1,三环航天立交北内侧-公交车站,,2:43,,104.14103,30.61157,"104.14103,30.61157",1
151,2018/4/21,2,赛格广场,,2:46,,104.077502,30.665291,"104.077502,30.665291",2
152,2018/4/21,1,美城云庭,,2:49,,104.045195,30.534372,"104.045195,30.534372",1
153,2018/4/21,2,布丁酒店(成都一品天下蜀汉路东地铁站店),,2:51,,104.031433,30.683886,"104.031433,30.683886",2
154,2018/4/22,1,撒哈拉何兮青年空间,1,9:25,9:38,104.067413,30.643081,"104.067413,30.643081",2
155,2018/4/22,1,长发街,2,10:47,10:59,104.057933,30.666936,"104.057933,30.666936",2
156,2018/4/22,2,天府广场,3,9:52,10:19,104.06585,30.657361,"104.06585,30.657361",2
157,2018/4/22,2,隐庐巷上生活馆,2,10:38,10:59,104.035609,30.642981,"104.035609,30.642981",2
158,2018/4/22,1,祥宇宾馆(新南路店),4,11:29,11:55,104.076712,30.636895,"104.076712,30.636895",2
159,2018/4/22,1,新华国际,5,13:39,13:59,104.07217,30.66396,"104.07217,30.66396",2
161,2018/4/22,1,华润・紫云府,6,14:52,15:09,104.11787,30.646741,"104.11787,30.646741",2
162,2018/4/22,1,都市家园,7,14:08,14:31,104.102977,30.612111,"104.102977,30.612111",1
163,2018/4/22,2,天鹅湖公寓,8,15:45,16:04,104.07163,30.55617,"104.07163,30.55617",1
164,2018/4/22,1,景茂城果,9,16:38,17:04,104.068675,30.52775,"104.068675,30.52775",1
165,2018/4/22,1,四川大学,10,17:07,17:17,104.085486,30.629794,"104.085486,30.629794",2
166,2018/4/22,1,成都馨佳缘酒店公寓(宽窄巷子新城市广场店),10,16:57,17:17,104.05705,30.67429,"104.05705,30.67429",2
167,2018/4/22,2,富丽花园,11,17:47,17:58,104.073378,30.703406,"104.073378,30.703406",2
168,2018/4/22,4,成都远洋太古里,12,18:00,18:26,104.083736,30.652685,"104.083736,30.652685",2
169,2018/4/22,2,蓝天小区,12,18:10,17:26,104.079089,30.610808,"104.079089,30.610808",1
170,2018/4/22,1,美逸酒店,13,19:23,19:33,104.027023,30.623089,"104.027023,30.623089",2
171,2018/4/22,4,地方电力局,14,19:45,20:01,104.034164,30.666598,"104.034164,30.666598",2
172,2018/4/22,1,如家快捷酒店(成都电信路华西医大店),15,19:48,20:01,104.063073,30.638876,"104.063073,30.638876",2
173,2018/4/22,1,锦江之星酒店(成都杜甫草堂店),14,19:46,20:01,104.038291,30.655295,"104.038291,30.655295",2
174,2018/4/22,1,粼江峰阁,15,19:45,20:01,104.093238,30.63845,"104.093238,30.63845",2
175,2018/4/22,1,棕榈泉费尔蒙酒店,16,19:48,20:00,104.069811,30.554829,"104.069811,30.554829",1
176,2018/4/22,1,成都漫花园酒店,17,20:48,21:10,104.09826,30.62411,"104.09826,30.62411",2
177,2018/4/22,1,天合汇锦城,18,20:52,21:10,104.053746,30.557,"104.053746,30.557",1
178,2018/4/22,1,汉庭酒店(成都五大花园金雁路店),19,21:30,21:57,104.00132,30.6562,"104.00132,30.6562",2
179,2018/4/22,1,成都誉峰M4民宿,20,21:30,21:57,104.066541,30.572269,"104.066541,30.572269",1
180,2018/4/22,1,汉庭酒店(成都天府广场店),21,21:32,21:57,104.05955,30.658011,"104.05955,30.658011",2
181,2018/4/22,1,左岸精品公寓喜年店,21,21:37,21:57,104.082429,30.650054,"104.082429,30.650054",2
182,2018/4/22,1,赛云台北路7号院,22,21:54,22:20,104.068498,30.706548,"104.068498,30.706548",2
183,2018/4/22,2,正成财富,22,22:14,22:20,104.080583,30.660542,"104.080583,30.660542",2
184,2018/4/22,2,成华街九号院,23,22:19,22:33,104.076975,30.681597,"104.076975,30.681597",2
185,2018/4/22,2,成都太古里精品酒店公寓,23,22:19,21:33,104.083726,30.653334,"104.083726,30.653334",2
186,2018/4/22,2,金地金沙府邸,24,22:36,23:04,104.007164,30.696085,"104.007164,30.696085",2
187,2018/4/22,1,客道酒店,24,22:54,23:04,104.080489,30.642166,"104.080489,30.642166",2
188,2018/4/22,1,华润凤凰城3期,25,22:51,23:14,104.053193,30.554916,"104.053193,30.554916",1
189,2018/4/22,1,河滨丽苑,26,23:05,23:29,104.073225,30.710726,"104.073225,30.710726",2
190,2018/4/22,1,河滨雅苑,26,23:08,23:29,104.096109,30.62504,"104.096109,30.62504",2
191,2018/4/22,1,流星花园6栋,26,23:07,23:29,104.085582,30.651219,"104.085582,30.651219",2
192,2018/4/22,1,金茂・光明城市-2号门,27,23:16,23:42,104.048191,30.526502,"104.048191,30.526502",1
193,2018/4/22,1,上东1号3期,28,23:24,23:38,104.106853,30.71699,"104.106853,30.71699",2
194,2018/4/22,1,桐梓林壹号,29,23:24,23:43,104.056045,30.604285,"104.056045,30.604285",1
195,2018/4/22,1,誉峰东区,30,23:31,23:59,104.057467,30.584514,"104.057467,30.584514",1
196,2018/4/22,1,绿洲大酒店,31,23:37,0:00,104.074022,30.665473,"104.074022,30.665473",2
197,2018/4/22,1,苏坡立交,30,23:46,23:59,103.990469,30.673707,"103.990469,30.673707",2
198,2018/4/22,1,桂溪路中-公交车站,32,0:01,0:29,104.08042,30.603156,"104.08042,30.603156",1
199,2018/4/22,1,成都宜家民宿火车南站店,32,0:15,0:29,104.059318,30.60551,"104.059318,30.60551",1
200,2018/4/22,1,文翁华府,32,0:18,0:29,104.055026,30.654181,"104.055026,30.654181",2
201,2018/4/22,1,国际花园,33,0:20,0:34,104.086589,30.652515,"104.086589,30.652515",2
202,2018/4/22,1,汇城港湾,34,0:18,0:42,104.078517,30.546662,"104.078517,30.546662",1
203,2018/4/22,2,成都途家斯维登服务公寓阳光米娅店,35,0:23,0:42,104.093307,30.670317,"104.093307,30.670317",2
204,2018/4/22,1,成都东站,35,0:27,0:42,104.141625,30.62886,"104.141625,30.62886",2
205,2018/4/22,1,如家快捷酒店(成都春熙路步行街店),35,0:38,0:42,104.07773,30.656547,"104.07773,30.656547",2
206,2018/4/22,1,蜀都花园,36,0:48,1:04,104.103625,30.644821,"104.103625,30.644821",2
207,2018/4/22,1,如家快捷酒店(成都新鸿路店),36,0:47,1:04,104.104772,30.661888,"104.104772,30.661888",2
208,2018/4/22,1,西林巷22号,37,1:00,1:21,104.048806,30.682107,"104.048806,30.682107",2
209,2018/4/22,1,成都都丽酒店(武侯祠锦里店),36,0:55,1:04,104.060234,30.65363,"104.060234,30.65363",2
210,2018/4/22,1,绿地GIC一期,38,1:06,1:21,104.079936,30.618148,"104.079936,30.618148",1
211,2018/4/22,1,凤翔云庭,38,1:10,1:21,104.07732,30.72012,"104.07732,30.72012",2
212,2018/4/22,1,元度家居汇装饰有限公司(总部),38,1:15,1:21,104.04642,30.65154,"104.04642,30.65154",2
213,2018/4/22,1,那些时光精品公寓,39,1:29,1:55,104.0688,30.67258,"104.0688,30.67258",2
214,2018/4/22,2,新良大酒店(上东大街店),39,1:43,1:55,104.084775,30.648527,"104.084775,30.648527",2
215,2018/4/22,2,东通顺街26号,40,1:46,2:11,104.082383,30.669806,"104.082383,30.669806",2
216,2018/4/22,1,天晴国际青年客栈,41,1:46,2:11,104.042952,30.654906,"104.042952,30.654906",2
217,2018/4/22,1,佳年华 时代晶座,42,1:49,2:12,104.047631,30.543532,"104.047631,30.543532",1
218,2018/4/22,1,状元府邸（成都市金牛区同兴路1号）,41,1:55,2:11,104.02255,30.68526,"104.02255,30.68526",2
219,2018/4/22,1,保利星座,42,2:02,2:12,104.045238,30.545978,"104.045238,30.545978",1
220,2018/4/22,1,龙湖金楠时光,43,2:09,2:37,103.993341,30.649394,"103.993341,30.649394",2
221,2018/4/22,1,蜀郡,44,2:15,2:42,104.059342,30.529583,"104.059342,30.529583",1
222,2018/4/22,1,金贸光明城市,44,2:27,2:42,104.046359,30.527427,"104.046359,30.527427",1
223,2018/4/22,1,比华利国际3期,45,2:31,2:56,104.127702,30.618035,"104.127702,30.618035",1
224,2018/4/22,2,招商银行(金沙支行),46,2:25,2:37,104.007633,30.677631,"104.007633,30.677631",2
225,2018/4/22,2,成科路9号院,,2:58,,104.069651,30.627803,"104.069651,30.627803",2
226,2018/4/23,1,上东花园四组团,1,9:10,9:35,104.108368,30.601135,"104.108368,30.601135",1
227,2018/4/23,1,如家精选酒店(成都春熙路盐市口店),2,10:10,10:20,104.074994,30.642407,"104.074994,30.642407",2
228,2018/4/23,1,香槟广场,3,10:17,10:40,104.07948,30.652544,"104.07948,30.652544",2
229,2018/4/23,1,锦江之星酒店(成都金仙桥店),4,10:51,11:15,104.052196,30.67722,"104.052196,30.67722",2
230,2018/4/23,1,全季酒店(春熙路太古里酒店),4,10:57,11:15,104.08493,30.651925,"104.08493,30.651925",2
231,2018/4/23,1,全季酒店(春熙路太古里酒店),4,10:57,11:15,104.08493,30.651925,"104.08493,30.651925",2
232,2018/4/23,1,成都南站,5,11:41,12:03,104.068464,30.605893,"104.068464,30.605893",1
233,2018/4/23,1,世代锦江国际酒店,6,12:40,13:04,104.061731,30.647914,"104.061731,30.647914",2
234,2018/4/23,1,天府丽都喜来登饭店,7,14:36,14:44,104.066453,30.664926,"104.066453,30.664926",2
235,2018/4/23,4,世纪城,8,14:37,14:44,104.071362,30.556128,"104.071362,30.556128",1
236,2018/4/23,4,宽窄芙蓉精品度假公寓,9,16:18,16:29,104.048882,30.66893,"104.048882,30.66893",2
237,2018/4/23,1,桔子酒店精选(成都顺城店),9,16:19,16:29,104.072594,30.666769,"104.072594,30.666769",2
238,2018/4/23,1,光明城市,9,16:22,16:29,104.046359,30.527427,"104.046359,30.527427",1
239,2018/4/23,1,布衣客栈(成都软件园店),10,17:23,17:49,104.073978,30.541532,"104.073978,30.541532",1
240,2018/4/23,1,太古里河畔亚朵酒店,11,18:12,18:18,104.056109,30.65043,"104.056109,30.65043",2
241,2018/4/23,2,加州一号酒店,11,17:56,18:18,104.042722,30.686107,"104.042722,30.686107",2
242,2018/4/23,2,摩登s酒店,12,18:23,18:33,104.047623,30.643929,"104.047623,30.643929",2
243,2018/4/23,1,交大归谷建设派,13,19:11,19:30,104.12791,30.68393,"104.12791,30.68393",2
244,2018/4/23,1,成都武侯祠亚朵酒店,14,19:44,19:56,104.05589,30.65069,"104.05589,30.65069",2
245,2018/4/23,4,成都季风客栈青年旅舍,15,20:17,20:41,104.049297,30.636317,"104.049297,30.636317",2
246,2018/4/23,2,汇翠园,15,20:23,20:41,104.050054,30.592569,"104.050054,30.592569",1
247,2018/4/23,1,仁和春天国际花园,16,20:31,20:57,104.052363,30.58677,"104.052363,30.58677",1
248,2018/4/23,1,成都博客庄园禅茶酒店,17,20:39,20:58,104.103546,30.712563,"104.103546,30.712563",2
249,2018/4/23,1,茶店子地铁站,17,20:37,20:58,104.013692,30.705986,"104.013692,30.705986",2
250,2018/4/23,1,东安南路17号大院,18,21:02,21:24,104.089047,30.655837,"104.089047,30.655837",2
251,2018/4/23,1,罗浮世家,19,21:26,21:48,104.038171,30.635983,"104.038171,30.635983",2
252,2018/4/23,1,汉庭酒店(武侯店),19,21:44,21:48,104.077408,30.623054,"104.077408,30.623054",2
253,2018/4/23,1,明宇尚庭主题公寓,20,21:50,22:05,104.058295,30.560051,"104.058295,30.560051",1
254,2018/4/23,1,星逸酒店,21,21:54,22:14,104.077251,30.668525,"104.077251,30.668525",2
255,2018/4/23,1,春熙路,21,22:01,22:14,104.078304,30.657437,"104.078304,30.657437",2
256,2018/4/23,1,锦江之星酒店(成都白果林地铁站店),21,22:05,22:14,104.032356,30.675341,"104.032356,30.675341",2
257,2018/4/23,1,成都雅住158连锁酒店锦华店,22,22:09,22:39,104.098769,30.605727,"104.098769,30.605727",1
258,2018/4/23,2,财富又一城,23,22:33,22:59,104.095189,30.67867,"104.095189,30.67867",2
259,2018/4/23,1,千居朝阳,23,22:41,22:59,104.123289,30.648229,"104.123289,30.648229",2
260,2018/4/23,1,碧云天,24,22:49,23:17,104.0312,30.63993,"104.0312,30.63993",2
261,2018/4/23,1,维也纳酒店(成都春熙路李家沱地铁站店),25,22:54,23:19,104.077758,30.65552,"104.077758,30.65552",2
262,2018/4/23,1,中国邮政储蓄银行(天福街支行),25,22:12,23:19,104.085852,30.650343,"104.085852,30.650343",2
263,2018/4/23,1,抚琴西南路,26,23:20,23:43,104.03873,30.676243,"104.03873,30.676243",2
264,2018/4/23,1,致瑞雅苑B区,27,23:35,23:59,104.106301,30.609827,"104.106301,30.609827",1
265,2018/4/23,2,天遇酒店,28,23:42,0:09,104.067231,30.673184,"104.067231,30.673184",2
266,2018/4/23,2,宽窄巷子,28,23:43,0:09,104.053617,30.663833,"104.053617,30.663833",2
267,2018/4/23,1,四川省林业干部学校,27,23:50,23:59,104.118256,30.630806,"104.118256,30.630806",2
268,2018/4/23,1,品香四季酒店,29,0:21,,104.068297,30.552391,"104.068297,30.552391",1
269,2018/4/23,1,品香四季酒店,29,0:21,,104.068297,30.552391,"104.068297,30.552391",1
270,2018/4/23,1,成都有客rex电影主题精品酒店,30,0:17,0:29,104.077107,30.657086,"104.077107,30.657086",2
271,2018/4/23,4,紫荆名苑,31,0:16,0:28,104.050372,30.615803,"104.050372,30.615803",1
272,2018/4/23,1,如家快捷酒店(成都玉沙路店),31,0:15,0:28,104.08391,30.665199,"104.08391,30.665199",2
273,2018/4/23,1,成都加悦精品酒店公寓,31,0:11,0:28,104.0675,30.6548,"104.0675,30.6548",2
274,2018/4/23,2,成都帝盛君豪酒店,32,0:25,0:38,104.067521,30.667568,"104.067521,30.667568",2
275,2018/4/23,4,春熙里酒店(联升巷),33,0:17,0:29,104.078171,30.654518,"104.078171,30.654518",2
276,2018/4/23,2,成都记忆旅行度假短租公寓(春熙店),33,0:20,0:29,104.086342,30.66153,"104.086342,30.66153",2
277,2018/4/23,2,春熙路,34,0:33,0:39,104.078304,30.657437,"104.078304,30.657437",2
278,2018/4/23,1,春熙路,34,0:33,0:39,104.078304,30.657437,"104.078304,30.657437",2
279,2018/4/23,1,成都维尼酒店式公寓,34,0:27,0:39,104.068825,30.672511,"104.068825,30.672511",2
280,2018/4/23,2,速8酒店(成都茶店子店),35,0:36,0:54,104.028173,30.698518,"104.028173,30.698518",2
281,2018/4/23,1,新世纪广场,35,0:41,0:53,104.070042,30.667657,"104.070042,30.667657",2
282,2018/4/23,2,建发天府鹭洲,36,0:36,0:58,104.038396,30.552402,"104.038396,30.552402",1
283,2018/4/23,1,鼎云顺城,37,0:46,1:06,104.071238,30.669794,"104.071238,30.669794",2
284,2018/4/23,1,成都瑞思特酒店,37,0:56,1:06,104.081283,30.660197,"104.081283,30.660197",2
285,2018/4/23,2,成都瑞思特酒店,37,0:56,1:06,104.081283,30.660197,"104.081283,30.660197",2
286,2018/4/23,1,成都仁和春天酒店(二环路店),38,1:04,1:14,104.019956,30.662995,"104.019956,30.662995",2
287,2018/4/23,4,成都行者居别墅客栈――格桑店,39,1:14,1:38,104.00209,30.65291,"104.00209,30.65291",2
288,2018/4/23,1,星城银座,40,1:23,1:45,104.07657,30.649417,"104.07657,30.649417",2
289,2018/4/23,2,四川师范大学,41,1:47,2:11,104.122659,30.611335,"104.122659,30.611335",1
290,2018/4/23,1,如家快捷酒店(成都双桥子经华北路店),41,1:52,2:11,104.107192,30.646828,"104.107192,30.646828",2
291,2018/4/23,1,维也纳酒店(成都春熙路天府广场地铁站店),42,1:52,2:12,104.065751,30.657453,"104.065751,30.657453",2
292,2018/4/23,1,武侯区盛世路,43,1:50,2:12,104.01861,30.632843,"104.01861,30.632843",2
293,2018/4/23,1,龙湖金楠天街,43,1:57,2:12,103.996524,30.648874,"103.996524,30.648874",2
294,2018/4/23,1,成都乐居青年公寓,41,2:00,2:11,104.14403,30.62945,"104.14403,30.62945",2
295,2018/4/23,1,武侯祠亚朵酒店,42,2:02,2:12,104.05589,30.65069,"104.05589,30.65069",2
296,2018/4/23,1,有客REX电影主题,42,2:02,2:12,104.077286,30.656946,"104.077286,30.656946",2
297,2018/4/23,2,橙话馨语复式,44,2:08,2:20,104.085564,30.651194,"104.085564,30.651194",2
298,2018/4/23,4,群宁街,43,2:07,2:12,104.02062,30.665348,"104.02062,30.665348",2
299,2018/4/23,1,全季酒店(成都太古里滨江路店),45,2:16,2:43,104.079441,30.657369,"104.079441,30.657369",2
300,2018/4/23,1,新品汉庭酒店成都新会展中心店,46,2:18,2:37,104.0446,30.546833,"104.0446,30.546833",1
301,2018/4/23,1,海友酒店(成都玉沙路店),47,2:18,2:28,104.08391,30.665199,"104.08391,30.665199",2
302,2018/4/23,1,猛追湾,47,2:20,2:27,104.096916,30.662899,"104.096916,30.662899",2
303,2018/4/23,1,东大街下东大街段,48,2:30,2:50,104.081219,30.650957,"104.081219,30.650957",2
304,2018/4/23,1,东站,49,2:28,2:50,104.14078,30.62881,"104.14078,30.62881",2
305,2018/4/23,2,成都漫果酒店公寓,48,2:37,2:50,104.06742,30.654855,"104.06742,30.654855",2
306,2018/4/23,1,乐浮国际青年旅社,48,2:28,2:50,104.079506,30.668671,"104.079506,30.668671",2
307,2018/4/23,1,安逸酒店(成都宽窄巷子西店),48,2:39,2:50,104.041667,30.676028,"104.041667,30.676028",2
308,2018/4/23,1,御府花都A区,49,2:42,2:50,104.070411,30.59552,"104.070411,30.59552",1
309,2018/4/23,1,元景路99号,50,2:43,3:06,104.051549,30.530383,"104.051549,30.530383",1
310,2018/4/23,1,如家精选酒店(成都春熙路盐市口店),51,2:50,3:11,104.074994,30.642407,"104.074994,30.642407",2
311,2018/4/23,1,成都帽魅・臻选精品主题服务公寓,51,2:55,3:11,104.07129,30.66933,"104.07129,30.66933",2
312,2018/4/23,1,浆洗街4号,52,2:59,3:06,104.058415,30.644657,"104.058415,30.644657",2
313,2018/4/23,2,四川电力职业培训中心,52,2:58,3:06,104.03057,30.668006,"104.03057,30.668006",2
314,2018/4/23,1,博爱医院,53,2:56,3:07,104.087717,30.6534,"104.087717,30.6534",2
315,2018/4/24,1,星宇・蜀居主题酒店(成都春熙路太古里店),1,9:43,10:10,104.078304,30.657437,"104.078304,30.657437",2
316,2018/4/24,1,一品天下,1,9:48,10:10,104.02073,30.688654,"104.02073,30.688654",2
317,2018/4/24,1,中铁二院职工食堂,1,10:02,10:10,104.059349,30.682298,"104.059349,30.682298",2
318,2018/4/24,1,西姆善居酒店,2,10:23,10:37,104.06148,30.65461,"104.06148,30.65461",2
319,2018/4/24,4,雅颂居-2期,3,10:36,11:03,104.044915,30.552357,"104.044915,30.552357",1
320,2018/4/24,1,新里维多利亚公寓,4,10:50,11:18,104.04147,30.61378,"104.04147,30.61378",1
321,2018/4/24,1,成都斯维登度假公寓(力迅领筑商务区),5,11:44,12:07,104.012978,30.647972,"104.012978,30.647972",2
322,2018/4/24,2,红树湾,6,12:16,12:39,104.08312,30.548252,"104.08312,30.548252",1
323,2018/4/24,,成都长江公寓(会展店),7,13:26,13:43,104.06797,30.554604,"104.06797,30.554604",1
324,2018/4/24,,世纪城,7,13:21,13:43,104.071362,30.556128,"104.071362,30.556128",1
325,2018/4/24,,武侯祠,8,13:28,13:43,104.048658,30.64542,"104.048658,30.64542",2
326,2018/4/24,2,西姆善居酒店,9,13:24,13:43,104.06148,30.65461,"104.06148,30.65461",2
327,2018/4/24,4,东风路,10,14:18,14:42,104.092628,30.651445,"104.092628,30.651445",2
328,2018/4/24,1,桔子酒店精选(武侯祠店),10,14:23,14:42,104.048732,30.643515,"104.048732,30.643515",2
329,2018/4/24,1,华润广场-a座,11,16:15,16:37,104.089729,30.61968,"104.089729,30.61968",2
330,2018/4/24,1,巴中宾馆,11,16:14,16:37,104.080383,30.667392,"104.080383,30.667392",2
331,2018/4/24,1,世纪城,12,16:43,17:11,104.071362,30.556128,"104.071362,30.556128",1
332,2018/4/24,1,凯美酒店(九眼桥店),13,16:48,17:11,104.089868,30.643006,"104.089868,30.643006",2
333,2018/4/24,2,青桐城市酒店,14,17:34,17:55,104.048472,30.682733,"104.048472,30.682733",2
334,2018/4/24,4,雅颂居,15,17:50,18:14,104.044596,30.552608,"104.044596,30.552608",1
335,2018/4/24,1,无国界,15,18:09,18:14,104.061563,30.549035,"104.061563,30.549035",1
336,2018/4/24,1,成都途家斯维登度假公寓(福年广场店),15,18:04,18:14,104.065322,30.547871,"104.065322,30.547871",1
337,2018/4/24,1,正熙国际,16,18:53,19:16,104.078628,30.653662,"104.078628,30.653662",2
338,2018/4/24,1,积木公寓(中航店),17,20:32,20:50,104.06123,30.57839,"104.06123,30.57839",1
339,2018/4/24,1,成都巴蜀之家度假公寓,18,21:09,21:15,104.070193,30.666155,"104.070193,30.666155",2
340,2018/4/24,2,世代锦江,18,20:49,21:15,104.062414,30.648257,"104.062414,30.648257",2
341,2018/4/24,1,吾桐里国际青年客栈,19,21:47,22:11,104.045374,30.651983,"104.045374,30.651983",2
342,2018/4/24,1,泰合索菲特大饭店,19,21:59,22:11,104.068727,30.647337,"104.068727,30.647337",2
343,2018/4/24,1,花园饭店,19,22:00,22:11,104.095071,30.649753,"104.095071,30.649753",2
344,2018/4/24,1,锦江之星酒店(成都文殊坊店),20,22:31,22:56,104.072553,30.670975,"104.072553,30.670975",2
345,2018/4/24,1,成都梦之旅国际青年旅舍(武侯祠锦里店),20,22:41,22:56,104.047299,30.643929,"104.047299,30.643929",2
346,2018/4/24,1,成都理工大学,21,22:59,23:23,104.147257,30.674912,"104.147257,30.674912",2
347,2018/4/24,1,积木公寓(中航店),21,22:58,23:23,104.06123,30.57839,"104.06123,30.57839",1
348,2018/4/24,1,威登酒店,22,23:16,23:36,104.07671,30.660683,"104.07671,30.660683",2
349,2018/4/24,2,成都市天府实验学校,23,23:39,0:05,104.038166,30.541795,"104.038166,30.541795",1
350,2018/4/24,1,成都优途逸家公寓,24,23:46,0:11,104.08165,30.66226,"104.08165,30.66226",2
351,2018/4/24,2,火车南站,24,23:52,0:11,104.068464,30.605893,"104.068464,30.605893",1
352,2018/4/24,1,全季酒店(火车东站店),25,23:59,0:22,104.07925,30.652208,"104.07925,30.652208",2
353,2018/4/24,2,锦江之星酒店(成都金仙桥店),24,23:59,0:11,104.052196,30.67722,"104.052196,30.67722",2
354,2018/4/24,1,两江国际,26,0:11,0:35,104.058157,30.559578,"104.058157,30.559578",1
355,2018/4/24,1,嘉立连锁酒店(成都天府广场店),27,0:11,0:35,104.06692,30.660961,"104.06692,30.660961",2
356,2018/4/24,2,伊丽特,27,0:20,0:35,104.085958,30.694096,"104.085958,30.694096",2
357,2018/4/24,1,红树湾,28,0:30,0:35,104.08312,30.548252,"104.08312,30.548252",1
358,2018/4/24,2,鼓楼智选,29,0:39,1:04,104.07263,30.66388,"104.07263,30.66388",2
359,2018/4/24,1,黄金大酒店,30,0:41,1:04,104.027848,30.696718,"104.027848,30.696718",2
360,2018/4/24,1,西西里二期,30,0:43,1:04,104.019428,30.701591,"104.019428,30.701591",2
361,2018/4/24,2,生活立方,30,0:45,1:04,104.004075,30.666341,"104.004075,30.666341",2
362,2018/4/24,1,富丽花城,31,0:55,1:04,104.112622,30.716206,"104.112622,30.716206",2
363,2018/4/24,1,君怡酒店营门口精品店,32,1:15,1:39,104.042657,30.691589,"104.042657,30.691589",2
364,2018/4/24,1,锦江之星酒店(成都白果林地铁站店),32,1:14,1:39,104.032356,30.675341,"104.032356,30.675341",2
365,2018/4/24,1,金牛蜀汉路289号,32,1:29,1:39,104.022338,30.690572,"104.022338,30.690572",2
366,2018/4/24,1,万福桥,33,1:29,1:54,104.071822,30.678334,"104.071822,30.678334",2
367,2018/4/24,1,蜀都中心2期-1号楼,34,1:37,2:04,104.063674,30.553138,"104.063674,30.553138",1
368,2018/4/24,1,皇城西御,35,1:39,1:54,104.062126,30.656773,"104.062126,30.656773",2
369,2018/4/24,1,金楠天街,36,1:35,2:02,103.996524,30.648874,"103.996524,30.648874",2
370,2018/4/24,1,全季酒店(春熙路太古里酒店),35,1:42,1:54,104.08493,30.651925,"104.08493,30.651925",2
371,2018/4/24,1,保利心语,37,1:44,2:07,104.04287,30.543508,"104.04287,30.543508",1
372,2018/4/24,1,成都琅h酒店(世纪城会展中心店),37,1:41,2:07,104.045572,30.54751,"104.045572,30.54751",1
373,2018/4/24,1,茶店子,36,1:50,2:02,104.027434,30.697177,"104.027434,30.697177",2
374,2018/4/24,1,长青北街,38,1:59,2:21,104.042529,30.712751,"104.042529,30.712751",2
375,2018/4/24,1,成都记忆旅行度假短租公寓(春熙店),39,1:54,2:19,104.086342,30.66153,"104.086342,30.66153",2
376,2018/4/24,2,成都春熙亚朵酒店,39,2:01,2:19,104.082038,30.65877,"104.082038,30.65877",2
377,2018/4/24,1,宽窄巷子,40,2:14,2:35,104.053617,30.663833,"104.053617,30.663833",2
378,2018/4/24,2,两江国际,40,2:10,2:35,104.058157,30.559578,"104.058157,30.559578",1
379,2018/4/24,1,锦城华府,41,2:20,2:45,104.059373,30.675541,"104.059373,30.675541",2
380,2018/4/24,2,凯丽滨江花园,41,2:30,2:45,104.075987,30.591088,"104.075987,30.591088",1
381,2018/4/24,1,金鹏街,,2:33,,104.000628,30.678732,"104.000628,30.678732",2
382,2018/4/24,1,成都蒙太奇主题酒店公寓,41,2:38,2:45,104.076019,30.624126,"104.076019,30.624126",2
383,2018/4/24,1,艾克斯网咖,,2:43,,104.049973,30.633276,"104.049973,30.633276",2
384,2018/4/24,1,丽水澜庭,,2:47,,104.091868,30.70806,"104.091868,30.70806",2
385,2018/4/24,1,华润二十四城,,2:51,,104.120242,30.649473,"104.120242,30.649473",2
386,2018/4/24,1,华润置地,,2:52,,104.095071,30.610937,"104.095071,30.610937",1
387,2018/4/24,1,红庙子街,,2:54,,104.074024,30.667782,"104.074024,30.667782",2
388,2018/4/25,1,青羊区国税局,1,9:54,10:04,104.05998,30.674041,"104.05998,30.674041",2
389,2018/4/25,1,成都公安局高新分局办证中心,2,9:57,10:26,104.05358,30.63007,"104.05358,30.63007",2
390,2018/4/25,2,成都公安局高新分局办证中心,3,10:21,10:41,104.05358,30.63007,"104.05358,30.63007",2
391,2018/4/25,1,新国际会展中心,4,10:48,11:10,104.077658,30.553558,"104.077658,30.553558",1
392,2018/4/25,1,成都世外桃源酒店,5,11:13,11:37,104.077653,30.629472,"104.077653,30.629472",2
393,2018/4/25,2,峰汇中心2号楼,6,11:27,11:52,104.062316,30.54747,"104.062316,30.54747",1
394,2018/4/25,1,华西妇产儿童医院,7,11:51,12:12,104.065597,30.639462,"104.065597,30.639462",2
395,2018/4/25,1,万年路251号,8,13:21,13:45,104.121241,30.65602,"104.121241,30.65602",2
396,2018/4/25,1,熊猫贝贝公寓,9,13:48,14:34,104.06681,30.67139,"104.06681,30.67139",2
397,2018/4/25,1,锦里,9,13:48,14:34,104.04997,30.64552,"104.04997,30.64552",2
398,2018/4/25,2,世外桃源酒店,10,14:52,15:15,104.077653,30.629472,"104.077653,30.629472",2
399,2018/4/25,1,一木依居酒店(天誉店),11,15:15,15:39,104.11124,30.637306,"104.11124,30.637306",2
400,2018/4/25,1,星程百花世家酒店,12,17:16,17:40,104.044916,30.658804,"104.044916,30.658804",2
401,2018/4/25,1,成都锦江之星杜甫草堂店,13,17:36,18:00,104.03878,30.655396,"104.03878,30.655396",2
402,2018/4/25,2,草堂印象酒店,14,18:05,18:28,104.028041,30.663452,"104.028041,30.663452",2
403,2018/4/25,1,天誉（成都市锦江区汇源北路99号）,15,19:05,19:20,104.112525,30.636451,"104.112525,30.636451",2
404,2018/4/25,1,王府花园,16,20:23,20:47,104.052552,30.631263,"104.052552,30.631263",2
405,2018/4/25,1,第六人民医院,16,20:36,20:47,104.147301,30.639219,"104.147301,30.639219",2
406,2018/4/25,1,明宇豪雅,17,20:41,20:56,104.091404,30.646709,"104.091404,30.646709",2
407,2018/4/25,1,雅颂居,17,20:42,20:56,104.044596,30.552608,"104.044596,30.552608",1
408,2018/4/25,1,爱客来精品度假公寓,18,20:48,20:58,104.086196,30.661223,"104.086196,30.661223",2
409,2018/4/25,4,成都银行atm(晋阳路),19,20:49,21:18,103.995087,30.649197,"103.995087,30.649197",2
410,2018/4/25,1,天誉南庭,20,20:59,21:19,104.109236,30.632991,"104.109236,30.632991",2
411,2018/4/25,1,成都富力丽思卡顿酒店,21,21:02,21:19,104.070019,30.663845,"104.070019,30.663845",2
412,2018/4/25,1,大鼎戴斯酒店,20,21:04,21:19,104.06855,30.60084,"104.06855,30.60084",1
413,2018/4/25,1,九龙怡家酒店,21,21:08,21:19,104.082611,30.665644,"104.082611,30.665644",2
414,2018/4/25,1,建设路,22,21:15,21:40,104.103315,30.669066,"104.103315,30.669066",2
415,2018/4/25,1,观城,23,22:25,22:50,104.121264,30.646166,"104.121264,30.646166",2
416,2018/4/25,1,成都记忆空间服务公寓(太古里店),23,22:38,22:50,104.086861,30.653624,"104.086861,30.653624",2
417,2018/4/25,1,星宇蜀居主题酒店,23,22:39,22:50,104.07861,30.65894,"104.07861,30.65894",2
418,2018/4/25,2,成华区万年场,24,22:50,23:08,104.115565,30.655615,"104.115565,30.655615",2
419,2018/4/25,1,派酒店(成都宽窄巷子店),25,23:24,23:39,104.05063,30.67605,"104.05063,30.67605",2
420,2018/4/25,2,维也纳国际酒店(环球中心新会展店),26,23:43,0:09,104.063117,30.568738,"104.063117,30.568738",1
421,2018/4/25,1,上东酒店,27,23:44,0:09,104.110579,30.714613,"104.110579,30.714613",2
422,2018/4/25,1,盛世草堂,28,23:46,0:10,104.022953,30.66652,"104.022953,30.66652",2
423,2018/4/25,1,青羊物业大厦,27,23:46,0:09,104.060372,30.659942,"104.060372,30.659942",2
424,2018/4/25,1,汉庭酒店(成都盐市口店),28,23:55,0:10,104.069726,30.653866,"104.069726,30.653866",2
425,2018/4/25,2,西姆翰墨酒店,27,0:01,0:09,104.08628,30.661018,"104.08628,30.661018",2
426,2018/4/25,2,成都品香四季酒店(世纪城店),29,0:21,0:42,104.068297,30.552391,"104.068297,30.552391",1
427,2018/4/25,1,四川省气象局,30,0:22,0:46,104.018506,30.662113,"104.018506,30.662113",2
428,2018/4/25,1,绿地之窗,29,0:29,0:42,104.059826,30.55217,"104.059826,30.55217",1
429,2018/4/25,1,龙湖三千城,31,0:40,1:04,104.1115,30.674648,"104.1115,30.674648",2
430,2018/4/25,1,华兴新居,31,0:44,1:04,104.119508,30.602951,"104.119508,30.602951",1
431,2018/4/25,1,四川大学,32,1:04,1:19,104.085486,30.629794,"104.085486,30.629794",2
432,2018/4/25,1,成都轩雅映月酒店,32,1:04,1:13,104.07553,30.652681,"104.07553,30.652681",2
433,2018/4/25,2,成都楚天君临酒店,33,1:05,1:26,104.032715,30.668769,"104.032715,30.668769",2
434,2018/4/25,1,站西桥,33,1:06,1:26,104.064965,30.70001,"104.064965,30.70001",2
435,2018/4/25,1,华润二十四城,34,1:11,1:24,104.118859,30.649359,"104.118859,30.649359",2
436,2018/4/25,1,凡花三舍青年公寓,34,1:12,1:24,104.059219,30.646088,"104.059219,30.646088",2
437,2018/4/25,1,东站,34,1:13,1:24,104.14078,30.62881,"104.14078,30.62881",2
438,2018/4/25,1,第一人民医院,35,1:16,1:31,104.052202,30.589949,"104.052202,30.589949",1
439,2018/4/25,1,成都时光青年旅舍金牛万达店,35,1:23,1:31,104.085465,30.685362,"104.085465,30.685362",2
440,2018/4/25,1,成都嘉好弗斯达酒店文殊院店,36,1:32,1:46,104.068682,30.670769,"104.068682,30.670769",2
441,2018/4/25,1,丽景华庭,37,1:34,2:00,104.015689,30.651247,"104.015689,30.651247",2
442,2018/4/25,1,明宇尚雅饭店,38,1:36,1:46,104.063846,30.646184,"104.063846,30.646184",2
443,2018/4/25,1,阿悦酒店公寓,38,1:37,1:46,104.069092,30.665606,"104.069092,30.665606",2
444,2018/4/25,2,吉祥街小区,39,1:40,2:01,104.054251,30.668971,"104.054251,30.668971",2
445,2018/4/25,1,银石国际,39,1:41,2:01,104.06878,30.67261,"104.06878,30.67261",2
446,2018/4/25,2,皇家别墅,37,1:41,2:00,104.001691,30.659655,"104.001691,30.659655",2
447,2018/4/25,1,鑫万里客商务旅店(双清南路店),37,1:50,2:00,104.01755,30.673999,"104.01755,30.673999",2
448,2018/4/25,1,成都市品乐酒店建设路sm广场店,40,1:53,2:14,104.11115,30.669649,"104.11115,30.669649",2
449,2018/4/25,2,沃尔玛(武侯店),40,2:04,2:14,104.06051,30.633093,"104.06051,30.633093",2
450,2018/4/25,2,龙腾中路,41,1:58,2:05,104.014506,30.652014,"104.014506,30.652014",2
451,2018/4/25,4,锦江之星酒店(成都武侯祠体育学院店),42,2:00,2:25,104.04197,30.65073,"104.04197,30.65073",2
452,2018/4/25,2,锦江之星酒店(成都武侯祠体育学院店),42,2:00,2:25,104.04197,30.65073,"104.04197,30.65073",2
453,2018/4/25,1,东站,43,2:01,2:26,104.14078,30.62881,"104.14078,30.62881",2
454,2018/4/25,1,海上海-北苑,44,2:27,2:49,104.16057,30.62777,"104.16057,30.62777",2
455,2018/4/25,1,天府一街,45,2:42,3:03,104.031608,30.563611,"104.031608,30.563611",1
456,2018/4/25,1,成华奥园广场,46,2:41,3:03,104.131182,30.655364,"104.131182,30.655364",2
457,2018/4/25,1,蓝光凯丽香江,46,2:40,3:03,104.083956,30.598667,"104.083956,30.598667",1
458,2018/4/25,1,外运小区,46,2:45,3:03,104.10238,30.6397,"104.10238,30.6397",2
459,2018/4/25,2,成都清居酒店春熙路提督街店,47,2:50,3:03,104.076291,30.654189,"104.076291,30.654189",2
460,2018/4/25,4,兴元华盛,48,3:13,,104.093692,30.708891,"104.093692,30.708891",2
461,2018/4/26,1,三环路娇子立交桥西-公交车站,1,8:55,9:20,104.127099,30.600289,"104.127099,30.600289",1
462,2018/4/26,1,八宝大酒店,2,9:12,9:21,104.061489,30.670611,"104.061489,30.670611",2
463,2018/4/26,2,雅尚公寓(春熙店),3,9:44,10:10,104.08589,30.66202,"104.08589,30.66202",2
464,2018/4/26,1,成都蓉城云熙精品名宿公寓,3,9:50,10:10,104.070984,30.66947,"104.070984,30.66947",2
465,2018/4/26,1,7天酒店(成都武侯祠华西医院店),3,9:49,10:10,104.059521,30.645347,"104.059521,30.645347",2
466,2018/4/26,1,成都梦之旅国际青年旅舍(武侯祠锦里店),4,10:02,10:22,104.047299,30.643929,"104.047299,30.643929",2
467,2018/4/26,2,99旅馆(川大店),5,11:05,11:18,104.026639,30.69304,"104.026639,30.69304",2
468,2018/4/26,1,全季酒店(成都太古里滨江路店),5,10:54,11:18,104.079441,30.657369,"104.079441,30.657369",2
469,2018/4/26,1,金域名人国际酒店,6,14:24,14:47,104.058042,30.608416,"104.058042,30.608416",1
470,2018/4/26,1,人民中路,7,14:47,15:13,104.071919,30.677937,"104.071919,30.677937",2
471,2018/4/26,1,武侯祠,7,14:59,15:13,104.048658,30.64542,"104.048658,30.64542",2
472,2018/4/26,2,成都初见精品公寓,8,14:56,15:27,104.08652,30.66134,"104.08652,30.66134",2
473,2018/4/26,2,成都东站,9,16:03,16:19,104.141625,30.62886,"104.141625,30.62886",2
474,2018/4/26,1,四川省人民医院,9,15:56,16:19,104.039636,30.663642,"104.039636,30.663642",2
475,2018/4/26,1,图腾铂雅酒店,10,16:21,16:29,104.081084,30.607655,"104.081084,30.607655",1
476,2018/4/26,4,如家快捷酒店(成都新南门店),11,16:48,16:59,104.015872,30.637465,"104.015872,30.637465",2
477,2018/4/26,2,成都传家合院精品管家酒店（传家合院主题酒店）,11,16:36,16:59,104.057769,30.645629,"104.057769,30.645629",2
478,2018/4/26,2,瑞廷西郊酒店,12,16:49,17:00,104.04663,30.55893,"104.04663,30.55893",1
479,2018/4/26,4,美丽云天,13,16:51,17:04,104.021126,30.665652,"104.021126,30.665652",2
480,2018/4/26,4,瑞廷西郊酒店,14,16:49,17:15,104.04663,30.55893,"104.04663,30.55893",1
481,2018/4/26,4,瑞廷西郊酒店,15,16:49,17:15,104.04663,30.55893,"104.04663,30.55893",1
482,2018/4/26,4,美丽豪酒店(成都宽窄巷子店),16,17:22,17:44,104.04861,30.678235,"104.04861,30.678235",2
483,2018/4/26,2,龙湖北城,16,17:41,17:44,104.068536,30.711184,"104.068536,30.711184",2
484,2018/4/26,2,慕森主题,17,17:42,17:58,104.103671,30.712682,"104.103671,30.712682",2
485,2018/4/26,1,成都朴院精品酒店,17,17:45,17:58,104.077141,30.641503,"104.077141,30.641503",2
486,2018/4/26,2,一叶一世界藏茶素食火锅(春熙路店),18,19:00,19:21,104.082358,30.651647,"104.082358,30.651647",2
487,2018/4/26,1,成都明德坊酒店,19,19:57,20:23,104.05159,30.664057,"104.05159,30.664057",2
488,2018/4/26,2,成都行者居别墅客栈-印象店,20,20:22,20:47,104.001786,30.652939,"104.001786,30.652939",2
489,2018/4/26,2,富丽东方-和美东路,21,20:24,20:47,104.154977,30.630737,"104.154977,30.630737",2
490,2018/4/26,1,7天连锁酒店(成都春熙路步行街店),22,21:25,21:35,104.078304,30.657437,"104.078304,30.657437",2
491,2018/4/26,4,成都青巢・宽窄精品主题服务公寓,23,21:23,21:35,104.045441,30.680294,"104.045441,30.680294",2
492,2018/4/26,1,如家快捷酒店(四川师范大学店),23,21:21,21:35,104.115977,30.609599,"104.115977,30.609599",1
493,2018/4/26,1,玉皇观街1号院,24,21:35,21:57,104.088966,30.665424,"104.088966,30.665424",2
494,2018/4/26,2,华西坝,25,22:08,22:30,104.066279,30.642821,"104.066279,30.642821",2
495,2018/4/26,1,瑞泰锦城,26,22:15,22:39,103.998507,30.648252,"103.998507,30.648252",2
496,2018/4/26,1,中海翠屏湾,26,22:27,22:39,104.051936,30.599671,"104.051936,30.599671",1
497,2018/4/26,1,保利中心C座,27,22:29,22:54,104.071625,30.625062,"104.071625,30.625062",2
498,2018/4/26,1,白果林,27,22:33,22:54,104.036285,30.672558,"104.036285,30.672558",2
499,2018/4/26,1,城市理想A座,28,22:35,22:42,104.067498,30.654819,"104.067498,30.654819",2
500,2018/4/26,4,布丁酒店(成都华西医大黉门街店),27,22:38,22:54,104.061764,30.645772,"104.061764,30.645772",2
501,2018/4/26,1,心族宾馆,29,22:49,23:10,104.066262,30.623069,"104.066262,30.623069",2
502,2018/4/26,1,群康路51号,30,22:58,23:20,104.018174,30.667152,"104.018174,30.667152",2
503,2018/4/26,1,锦江之星酒店(成都武侯祠体育学院店),30,22:59,23:20,104.04197,30.65073,"104.04197,30.65073",2
504,2018/4/26,1,祥域（成都市青羊区蜀源路2号）,30,23:09,23:20,104.002851,30.674873,"104.002851,30.674873",2
505,2018/4/26,1,78号观邸,31,23:36,23:54,104.047692,30.655676,"104.047692,30.655676",2
506,2018/4/26,1,红星国际,31,23:36,23:54,104.086029,30.661398,"104.086029,30.661398",2
507,2018/4/26,1,成华区桃蹊路,31,23:48,23:54,104.110349,30.683067,"104.110349,30.683067",2
508,2018/4/26,1,沙河 路苑,31,23:50,23:54,104.088479,30.699515,"104.088479,30.699515",2
509,2018/4/26,1,蓝光富丽东方,32,23:50,0:15,104.154977,30.630737,"104.154977,30.630737",2
510,2018/4/26,1,燃灯寺北街,33,23:54,0:16,104.035294,30.645867,"104.035294,30.645867",2
511,2018/4/26,1,富力广场,33,23:55,0:16,104.069658,30.665135,"104.069658,30.665135",2
512,2018/4/26,1,如家精选酒店(蜀汉路店),33,0:11,0:16,104.026524,30.684059,"104.026524,30.684059",2
513,2018/4/26,2,追梦青年旅舍(成都春熙路店),34,0:13,0:23,104.089896,30.654933,"104.089896,30.654933",2
514,2018/4/26,1,金城丽景,34,0:13,0:23,104.042531,30.693765,"104.042531,30.693765",2
515,2018/4/26,2,上东1号-三期,34,0:13,0:23,104.106853,30.71699,"104.106853,30.71699",2
516,2018/4/26,1,龙湖北城天街,35,0:15,0:35,104.068536,30.711184,"104.068536,30.711184",2
517,2018/4/26,2,春熙路,36,0:27,0:41,104.078304,30.657437,"104.078304,30.657437",2
518,2018/4/26,2,流星花园,36,0:27,0:41,104.085582,30.651219,"104.085582,30.651219",2
519,2018/4/26,2,东站,37,0:41,1:05,104.14078,30.62881,"104.14078,30.62881",2
520,2018/4/26,1,金控时代广场,38,0:44,1:05,104.061854,30.5536,"104.061854,30.5536",1
521,2018/4/26,1,如家精选酒店(蜀汉路店),39,0:17,0:35,104.026524,30.684059,"104.026524,30.684059",2
522,2018/4/26,1,如家精选酒店(蜀汉路店),39,0:17,0:35,104.026524,30.684059,"104.026524,30.684059",2
523,2018/4/26,1,康河郦景,40,0:52,1:18,104.02455,30.65046,"104.02455,30.65046",2
524,2018/4/26,1,7天连锁酒店(成都望江楼店),41,0:58,1:05,104.097928,30.627831,"104.097928,30.627831",2
525,2018/4/26,1,如家快捷酒店(成都武侯祠店),40,1:09,1:18,104.055607,30.646869,"104.055607,30.646869",2
526,2018/4/26,1,天合凯旋城,40,1:10,1:18,104.001948,30.666586,"104.001948,30.666586",2
527,2018/4/26,1,人民北路,42,1:01,1:25,104.079053,30.678868,"104.079053,30.678868",2
528,2018/4/26,2,成都新城市广场,43,1:14,1:37,104.057651,30.67383,"104.057651,30.67383",2
529,2018/4/26,2,如家精选酒店(新南门地铁站店),43,1:20,1:37,104.074994,30.642407,"104.074994,30.642407",2
530,2018/4/26,1,吾桐里国际青年客栈(大石东路店),44,1:22,1:43,104.045374,30.651983,"104.045374,30.651983",2
531,2018/4/26,2,凯丽香江生活广场,45,1:29,1:53,104.082751,30.599012,"104.082751,30.599012",1
532,2018/4/26,1,如家精选酒店(蜀汉路店),46,1:36,1:54,104.026524,30.684059,"104.026524,30.684059",2
533,2018/4/26,1,蓉城四季酒店,46,1:34,1:54,104.002837,30.669541,"104.002837,30.669541",2
534,2018/4/26,1,蓝光 郁金香花园,46,1:41,1:54,104.079973,30.651014,"104.079973,30.651014",2
535,2018/4/26,2,轩雅映月,47,1:42,1:53,104.07553,30.652681,"104.07553,30.652681",2
536,2018/4/26,2,京都大厦,48,1:50,2:09,104.078171,30.654518,"104.078171,30.654518",2
537,2018/4/26,1,金林大城小室,48,1:59,2:09,104.015726,30.671891,"104.015726,30.671891",2
538,2018/4/26,1,尚尊健身俱乐部,49,1:58,2:21,104.085321,30.548303,"104.085321,30.548303",1
539,2018/4/26,1,火车北站,48,1:57,2:09,104.073403,30.696772,"104.073403,30.696772",2
540,2018/4/26,1,慷懒客栈,48,1:58,2:09,104.03348,30.67552,"104.03348,30.67552",2
541,2018/4/26,1,武侯区新乐路,50,2:02,2:21,104.041087,30.605414,"104.041087,30.605414",1
542,2018/4/26,1,老宋国际青年旅舍,50,2:08,2:21,104.087492,30.680633,"104.087492,30.680633",2
543,2018/4/26,2,7天连锁酒店(成都火车北站店),50,2:08,2:21,104.079611,30.700269,"104.079611,30.700269",2
544,2018/4/26,1,成都浪漫满屋度假公寓,51,2:15,2:21,104.05449,30.66059,"104.05449,30.66059",2
545,2018/4/26,4,瑞安城中汇,52,2:10,2:33,104.091843,30.693119,"104.091843,30.693119",2
546,2018/4/26,1,都豪网络酒店,52,2:18,2:33,104.075662,30.700486,"104.075662,30.700486",2
547,2018/4/26,1,嘉立连锁酒店(成都文殊院地铁站店),52,2:11,2:33,104.086903,30.661361,"104.086903,30.661361",2
548,2018/4/26,1,天府丽都喜来登饭店,52,2:24,2:33,104.066453,30.664926,"104.066453,30.664926",2
549,2018/4/26,1,成都瑞峰公寓酒店,53,2:16,2:35,104.144961,30.629369,"104.144961,30.629369",2
550,2018/4/26,1,金林大城小室,54,2:25,,104.015726,30.671891,"104.015726,30.671891",2
551,2018/4/27,1,泰丰国际广场,1,9:02,11:21,104.066153,30.668529,"104.066153,30.668529",2
552,2018/4/27,,汉庭酒店盐市口店,2,10:15,10:30,104.069473,30.653757,"104.069473,30.653757",2
553,2018/4/27,,希岸酒店(中环优品道店),2,10:07,10:30,104.007483,30.66269,"104.007483,30.66269",2
554,2018/4/27,,桔子酒店精选(成都顺城店),3,10:18,10:31,104.072594,30.666769,"104.072594,30.666769",2
555,2018/4/27,,成都繁星我们国际青年旅舍,4,11:24,11:36,104.082622,30.671927,"104.082622,30.671927",2
556,2018/4/27,,祥福苑大厦,5,12:18,12:42,104.06491,30.620841,"104.06491,30.620841",2
557,2018/4/27,,南城都汇,5,12:19,12:42,104.048007,30.589758,"104.048007,30.589758",1
558,2018/4/27,,成都胖圈青年旅舍杜甫草堂店,6,12:40,13:04,104.029036,30.662328,"104.029036,30.662328",2
559,2018/4/27,,瑞成名人酒店,6,12:45,13:04,104.065697,30.670023,"104.065697,30.670023",2
560,2018/4/27,,华润凤凰城,7,12:52,13:16,104.048456,30.552519,"104.048456,30.552519",1
561,2018/4/27,,金科圣嘉公寓,8,12:54,13:04,104.103494,30.717045,"104.103494,30.717045",2
562,2018/4/27,,曦城,9,13:25,13:30,104.05349,30.67667,"104.05349,30.67667",2
563,2018/4/27,,正成财富ID,10,13:26,13:55,104.080583,30.660542,"104.080583,30.660542",2
564,2018/4/27,,成都索菲斯锦苑宾馆,11,13:11,13:25,104.070604,30.676905,"104.070604,30.676905",2
565,2018/4/27,,成都朴宿pusuhomestay,12,14:52,15:15,104.05942,30.64933,"104.05942,30.64933",2
566,2018/4/27,,成都途乐公寓(宽窄巷子店),12,15:08,15:15,104.054378,30.660553,"104.054378,30.660553",2
567,2018/4/27,,金科圣嘉公寓,13,16:09,16:33,104.103494,30.717045,"104.103494,30.717045",2
568,2018/4/27,,金科圣嘉公寓,13,16:17,16:33,104.103494,30.717045,"104.103494,30.717045",2
569,2018/4/27,,成都雅舍精品酒店,14,16:59,17:26,104.060981,30.583899,"104.060981,30.583899",1
570,2018/4/27,,嘉好・弗斯达酒店文殊院店,14,17:09,17:26,104.068682,30.670769,"104.068682,30.670769",2
571,2018/4/27,,外滩,15,17:27,17:50,104.0923,30.64028,"104.0923,30.64028",2
572,2018/4/27,,书院街道,16,18:24,18:33,104.08721,30.65888,"104.08721,30.65888",2
573,2018/4/27,,成华区双桥子社区卫生服务中心,16,18:13,18:33,104.109021,30.65321,"104.109021,30.65321",2
574,2018/4/27,,天悦城,17,19:35,20:04,104.055914,30.723878,"104.055914,30.723878",2
575,2018/4/27,,ifs国际金融中心三号办公楼,18,19:12,19:36,104.082321,30.654854,"104.082321,30.654854",2
576,2018/4/27,,万达锦华城,19,19:59,20:17,104.095337,30.620195,"104.095337,30.620195",2
577,2018/4/27,,成都远方之家连锁公寓新会展店,20,20:00,20:07,104.073715,30.558354,"104.073715,30.558354",1
578,2018/4/27,,澳林春天,21,20:24,20:37,104.036901,30.689618,"104.036901,30.689618",2
579,2018/4/27,,泰合索菲特大饭店,22,20:22,20:39,104.068727,30.647337,"104.068727,30.647337",2
580,2018/4/27,,万象城,22,20:22,20:39,104.115434,30.649596,"104.115434,30.649596",2
581,2018/4/27,,五块石客运站,23,21:01,21:27,104.072746,30.701761,"104.072746,30.701761",2
582,2018/4/27,,金科圣嘉公寓酒店(中心店),23,21:11,21:27,104.103494,30.717045,"104.103494,30.717045",2
583,2018/4/27,,如家快捷酒店(成都九眼桥四川大学店),24,21:27,21:43,104.015872,30.637465,"104.015872,30.637465",2
584,2018/4/27,,王家塘街81号,24,21:29,21:43,104.06191,30.673427,"104.06191,30.673427",2
585,2018/4/27,,成都鼓楼智选假日酒店,24,21:30,21:43,104.072817,30.663731,"104.072817,30.663731",2
586,2018/4/27,,风华苑,25,21:46,22:06,104.058795,30.612997,"104.058795,30.612997",1
587,2018/4/27,,成都首座万豪酒店,25,21:46,22:06,104.068868,30.586267,"104.068868,30.586267",1
588,2018/4/27,,客道酒店(致民路店),26,22:12,22:39,104.080489,30.642166,"104.080489,30.642166",2
589,2018/4/27,,铸信境界,27,22:18,22:40,103.991502,30.669243,"103.991502,30.669243",2
590,2018/4/27,,金科圣嘉公寓酒店(中心店),27,22:21,22:40,104.103494,30.717045,"104.103494,30.717045",2
591,2018/4/27,,成都慕斯威尔酒店,28,22:21,22:42,104.062468,30.649666,"104.062468,30.649666",2
592,2018/4/27,,城投观城,29,23:04,23:22,104.121264,30.646166,"104.121264,30.646166",2
593,2018/4/27,,成都海洋莱普敦酒店,30,23:08,23:35,104.065334,30.546507,"104.065334,30.546507",1
594,2018/4/27,,金沙巷16号小区,31,23:09,23:21,104.042558,30.689686,"104.042558,30.689686",2
595,2018/4/27,,成都云顶国际公寓太古里店,32,23:06,23:19,104.081096,30.651747,"104.081096,30.651747",2
596,2018/4/27,,红花教师苑,31,23:13,23:21,104.084213,30.690414,"104.084213,30.690414",2
597,2018/4/27,,东坡北二路,33,23:14,23:44,103.991771,30.664414,"103.991771,30.664414",2
598,2018/4/27,,如家快捷酒店(成都新鸿路店),34,23:19,23:39,104.104772,30.661888,"104.104772,30.661888",2
599,2018/4/27,,成都风尚国际精品公寓,34,23:24,23:39,104.073712,30.654837,"104.073712,30.654837",2
600,2018/4/27,,美豪丽致酒店(成都高新店),33,23:27,23:44,104.064846,30.593719,"104.064846,30.593719",1
601,2018/4/27,,锦江之星酒店(成都春熙路王府井店),34,23:30,23:39,104.076291,30.654189,"104.076291,30.654189",2
602,2018/4/27,,成都芊吉假日酒店(天府广场店),35,23:30,23:39,104.0602,30.65383,"104.0602,30.65383",2
603,2018/4/27,,瑞安城中汇,36,23:37,0:03,104.091843,30.693119,"104.091843,30.693119",2
604,2018/4/27,,桦林园休闲庄,36,23:37,0:03,104.105301,30.599991,"104.105301,30.599991",1
605,2018/4/27,,清溪南街11号院落,37,23:37,0:03,104.02124,30.676848,"104.02124,30.676848",2
606,2018/4/27,,全季酒店(成都太古里滨江路店),38,23:43,0:04,104.079376,30.645405,"104.079376,30.645405",2
607,2018/4/27,,成都世纪城天堂洲际大饭店,37,23:44,0:03,104.072201,30.559483,"104.072201,30.559483",1
608,2018/4/27,,希岸酒店(成都火车东站中心店),38,23:44,0:04,104.111001,30.671963,"104.111001,30.671963",2
609,2018/4/27,,成都书香门第酒店,39,23:53,0:18,104.06145,30.68252,"104.06145,30.68252",2
610,2018/4/27,,御隆酒店(西南财大店),37,23:54,0:03,104.020765,30.679583,"104.020765,30.679583",2
611,2018/4/27,,狮旺庭酒店(成都文殊院店),38,0:03,0:04,104.072171,30.674467,"104.072171,30.674467",2
612,2018/4/27,,成都北站,39,23:59,0:18,104.05607,30.64173,"104.05607,30.64173",2
613,2018/4/27,,成都万友睿柏云酒店,40,0:07,0:28,104.10337,30.60094,"104.10337,30.60094",1
614,2018/4/27,,黄忠派出所（成都市金牛区金博北路33号）,40,0:13,0:28,104.011886,30.688938,"104.011886,30.688938",2
615,2018/4/27,,怡家城市酒店武侯店,40,0:07,0:28,104.047367,30.643934,"104.047367,30.643934",2
616,2018/4/27,,英郡3期,41,0:07,0:27,104.073152,30.550677,"104.073152,30.550677",1
617,2018/4/27,,贝森南路南-公交车站,42,0:09,0:19,104.00356,30.66764,"104.00356,30.66764",2
618,2018/4/27,,领都龙城2期,43,0:24,0:42,104.10872,30.699694,"104.10872,30.699694",2
619,2018/4/27,,成都曼嘉酒店(神仙树石羊场店),44,0:16,0:28,104.035222,30.607444,"104.035222,30.607444",1
620,2018/4/27,,蓉城四季酒店,44,0:13,0:28,104.002837,30.669541,"104.002837,30.669541",2
621,2018/4/27,,成都远方之家连锁公寓新会展店,45,0:21,0:33,104.073715,30.558354,"104.073715,30.558354",1
622,2018/4/27,,凯丽豪景,46,0:32,0:57,104.026828,30.68663,"104.026828,30.68663",2
623,2018/4/27,,桔子酒店精选(成都顺城店),47,0:37,0:42,104.072594,30.666769,"104.072594,30.666769",2
624,2018/4/27,,龙湖世纪峰,48,0:38,0:59,104.078032,30.55919,"104.078032,30.55919",1
625,2018/4/27,,凯旋天地,49,0:46,1:13,104.128632,30.611653,"104.128632,30.611653",1
626,2018/4/27,,龙湖金楠天街,46,0:51,0:57,103.996524,30.648874,"103.996524,30.648874",2
627,2018/4/27,,星辉家园,50,0:57,1:19,104.083685,30.673715,"104.083685,30.673715",2
628,2018/4/27,,嘉祥瑞庭南城,51,1:00,1:27,104.055183,30.534643,"104.055183,30.534643",1
629,2018/4/27,,五块石客运站,50,1:02,1:19,104.072746,30.701761,"104.072746,30.701761",2
630,2018/4/27,,成都曼嘉酒店(神仙树石羊场店),50,1:12,1:19,104.035222,30.607444,"104.035222,30.607444",1
631,2018/4/27,,全季酒店(成都环球中心店),51,1:15,1:27,104.061561,30.578001,"104.061561,30.578001",1
632,2018/4/27,,建发天府鹭洲,52,1:20,1:32,104.038396,30.552402,"104.038396,30.552402",1
633,2018/4/27,,翡翠城5期,53,1:22,1:49,104.091913,30.611894,"104.091913,30.611894",1
634,2018/4/27,,蜀都花园,53,1:23,1:49,104.103625,30.644821,"104.103625,30.644821",2
635,2018/4/27,,柳江新居5期,53,1:31,1:49,104.096788,30.603797,"104.096788,30.603797",1
636,2018/4/27,,太平园中五路-道路,54,1:02,1:24,104.004581,30.628779,"104.004581,30.628779",2
637,2018/4/27,,吾桐里国际青年客栈(大石东路店),55,1:32,1:49,104.045374,30.651983,"104.045374,30.651983",2
638,2018/4/27,,成都禧瑞酒店(玉林店),55,1:36,1:49,104.059246,30.632774,"104.059246,30.632774",2
639,2018/4/27,,成功银玺国际,53,1:35,1:49,104.116009,30.677116,"104.116009,30.677116",2
640,2018/4/27,,成都远锦国际酒店,56,1:39,2:05,104.155106,30.628711,"104.155106,30.628711",2
641,2018/4/27,,红星国际,56,1:42,2:05,104.086029,30.661398,"104.086029,30.661398",2
642,2018/4/27,,大学路12号院,56,1:53,2:05,104.07016,30.644162,"104.07016,30.644162",2
643,2018/4/27,,春熙路,57,1:55,2:05,104.078304,30.657437,"104.078304,30.657437",2
644,2018/4/27,,海桐1期,57,1:53,2:05,104.130204,30.606751,"104.130204,30.606751",1
645,2018/4/27,,如家快捷酒店(成都新南门店),58,2:01,2:20,104.073544,30.642901,"104.073544,30.642901",2
646,2018/4/27,,成都迷津青年旅舍,58,1:59,2:20,104.070462,30.659517,"104.070462,30.659517",2
647,2018/4/27,,非宿艺舍,59,2:01,2:28,104.003202,30.653357,"104.003202,30.653357",2
648,2018/4/27,,羊犀立交,59,2:02,2:28,104.007458,30.700417,"104.007458,30.700417",2
649,2018/4/27,,成都喜欢主题酒店赛格广场店,60,2:04,2:21,104.077532,30.665796,"104.077532,30.665796",2
650,2018/4/27,,汇厦少城,60,2:03,2:21,104.051922,30.657788,"104.051922,30.657788",2
651,2018/4/27,,绿地gic壹期,60,2:05,2:21,104.079936,30.618148,"104.079936,30.618148",1
652,2018/4/27,,娇子立交,61,2:08,2:36,104.127099,30.600289,"104.127099,30.600289",1
653,2018/4/27,,旅游职中教师公寓,62,2:30,2:53,104.02219,30.659561,"104.02219,30.659561",2
654,2018/4/27,,成都市春熙路亚朵轻居酒店,63,2:30,2:54,104.08225,30.65887,"104.08225,30.65887",2
655,2018/4/27,,成都周末度假公寓春熙一店,63,2:32,2:54,104.080221,30.651228,"104.080221,30.651228",2
656,2018/4/27,,红树湾,64,2:30,2:54,104.08312,30.548252,"104.08312,30.548252",1
657,2018/4/27,,锦江之星酒店(成都白果林地铁站店),62,2:43,2:53,104.032356,30.675341,"104.032356,30.675341",2
658,2018/4/27,,华润凤凰城,65,2:44,3:12,104.048456,30.552519,"104.048456,30.552519",1
659,2018/4/27,,抚琴街南三巷-道路,65,2:55,3:12,104.039875,30.680084,"104.039875,30.680084",2
660,2018/4/27,,西南交通大学(九里校区),65,2:56,3:12,104.053006,30.698733,"104.053006,30.698733",2
661,2018/4/27,,青桐城市酒店,66,2:56,3:24,104.048472,30.682733,"104.048472,30.682733",2
662,2018/4/27,,桔子酒店精选(成都顺城店),66,2:57,2:24,104.072594,30.666769,"104.072594,30.666769",2
663,2018/4/27,,家益欣城-东1门,67,2:57,3:24,104.052155,30.531551,"104.052155,30.531551",1
664,2018/4/27,,龙湖金楠天街,,2:59,,103.996524,30.648874,"103.996524,30.648874",2
