成都青羊区新城市广场,104.05733,30.67386,0.8,7
成都武侯区太成宾馆,104.05339,30.64634,0.8,7
成都双流区希尔顿,103.92119,30.56646,0.8,7
成都青羊区西岸蒂景A座,104.05376,30.67394,0.8,7
成都锦江区春熙路,104.077,30.65557,0.8,7
成都金牛区禾嘉利好,104.08419,30.69568,0.8,7
成都武侯区成都盛铂仕丹酒店,104.01362,30.64666,0.8,7
成都成华区成华区,104.10194,30.65984,0.8,1
成都双流区希尔顿,103.92119,30.56646,0.8,7
成都武侯区肖家河北街,104.04329,30.63358,0.8,7
成都成华区成都东站,104.14078,30.62881,0.8,7
成都武侯区华西国际,104.05887,30.64359,0.8,7
成都成华区成华区,104.10194,30.65984,0.8,1
成都武侯区何日君酒店(人南店),104.06633,30.62439,0.8,7
成都青羊区天府广场,104.06584,30.65742,0.8,7
成都成华区成华区,104.10194,30.65984,0.8,1
成都武侯区玉林会所,104.06251,30.62421,0.8,7
成都青羊区西南财大,104.020309,30.670437,0.8,7
成都青羊区宽窄巷子,104.050671,30.665409,0.8,7
成都武侯区成都寅腾埃菲尔国际酒店,104.02743,30.63219,0.8,7
成都温江区青年客栈,103.81222,30.69191,0.8,7
成都锦江区瑞升望江橡树林,104.09199,30.62249,0.8,7
成都成华区成都东站东广场,104.14414,30.62801,0.8,7
成都青羊区天府广场,104.06506,30.6575,0.8,7
成都金牛区万友4S店,104.01719,30.68889,0.8,7
成都双流区光明城市,104.04699,30.52775,0.8,7
成都武侯区紫竹苑,104.05255,30.6158,0.8,7
成都武侯区cpe大楼,104.06737,30.54505,0.8,7
成都锦江区轩雅映月酒店(春熙店),104.07553,30.65281,0.8,7
成都成华区成华区,104.10194,30.65984,0.8,1
成都青羊区宽窄巷子,104.050671,30.665409,0.8,7
成都青羊区金河宾馆,104.05619,30.66124,0.8,7
成都锦江区如家快捷酒店(成都春熙路步行街店),104.07748,30.65768,0.8,7
成都青羊区成都芙蓉饭店,104.05898,30.67001,0.8,7
成都锦江区科甲大厦,104.07954,30.6562,0.8,7
成都成华区尚锦和美酒店(春熙太古里店),104.09233,30.65745,0.8,7
成都武侯区成都高新实验中学(新北校区),104.03945,30.60309,0.8,7
成都双流区海滨城购物中心,103.909932,30.603689,0.8,7
成都成华区金科一城,104.11103,30.7117,0.8,7
成都金牛区绝味鸭脖火车站地铁店,104.07354,30.6962,0.8,7
成都武侯区天顺路,104.07111,30.59827,0.8,7
成都成华区成华区,104.10194,30.65984,0.8,1
成都武侯区丽景华庭,104.01126,30.65127,0.8,7
成都成华区成华区,104.10194,30.65984,0.8,1
成都青羊区成都寓尊精品酒店公寓,104.06899,30.66576,0.8,7
成都青羊区成都花园,104.00853,30.65543,0.8,7
成都武侯区南苑(B区),104.05696,30.57472,0.8,7
成都金牛区瑞欣酒店,104.0521,30.67539,0.8,7
成都成华区成都东站,104.14078,30.62881,0.8,7
成都金牛区智慧康城,104.04714,30.70841,0.8,7
成都新都区顺城,104.126025,30.784935,0.8,7
成都锦江区百世酒店,104.08671,30.65144,0.8,7
成都成华区成华区,104.10194,30.65984,0.8,1
成都金牛区金仙桥,104.05564,30.67877,0.8,7
成都青羊区艺家风格酒店,104.01114,30.69507,0.8,7
成都成华区华林南苑,104.13997,30.68274,0.8,7
成都金牛区成都东方,104.04482,30.68322,0.8,7
成都青羊区四川省社会科学院,104.04139,30.65299,0.8,7
成都金牛区索菲斯民族大酒店,104.04575,30.67313,0.8,7
成都成华区如家精选酒店成都新华大道天祥街店,104.09429,30.65947,0.8,7
成都成华区成华区,104.10194,30.65984,0.8,1
成都青羊区现代城,104.0486,30.65294,0.8,7
成都武侯区圣沅・汇景樱桃季,104.01517,30.64241,0.8,7
成都成华区成华区,104.10194,30.65984,0.8,1
成都青羊区清溪西路,104.02401,30.67808,0.8,7
成都武侯区三四五时尚酒店,104.02472,30.62919,0.8,7
成都龙泉驿区成都如客酒店,104.32309,30.64419,0.8,7
成都温江区福兴苑,103.84773,30.68726,0.8,7
成都成华区成华区,104.10194,30.65984,0.8,1
成都锦江区成都初见精品公寓,104.08652,30.66134,0.8,7
成都成华区成华区,104.10194,30.65984,0.8,1
成都双流区家益欣城,104.05157,30.53006,0.8,7
成都武侯区华西医大宿舍,104.07402,30.64245,0.8,7
成都锦江区净居寺路,104.10686,30.62183,0.8,7
成都武侯区四川大学,104.08248,30.63116,0.8,7
成都成华区成都东站,104.14078,30.62881,0.8,7
成都武侯区一环路,104.07616,30.6337,0.8,7
成都武侯区高碑瑞苑,104.00463,30.62692,0.8,7
成都金牛区四威大厦,104.04193,30.68468,0.8,7
成都郫都区天香,103.99475,30.76004,0.8,7
成都武侯区白云花园,104.08555,30.60792,0.8,7
成都武侯区三四五时尚酒店,104.02472,30.62919,0.8,7
成都成华区成华区,104.10194,30.65984,0.8,1
成都武侯区南馨苑,104.05412,30.61235,0.8,7
成都成华区成都东站,104.14078,30.62881,0.8,7
成都成华区浅水半岛,104.10462,30.68464,0.8,7
成都成华区成华区,104.10194,30.65984,0.8,1
成都武侯区武侯祠,104.04759,30.64652,0.8,7
成都青羊区西单商场(成都店),103.99989,30.67419,0.8,7
成都武侯区成都撒哈拉・何兮青年空间,104.06741,30.64306,0.8,7
成都金牛区高笋塘社区便民服务站,104.08892,30.69434,0.8,7
成都成华区成华区,104.10194,30.65984,0.8,1
成都锦江区环球汇・天誉,104.11381,30.63668,0.8,7
成都金牛区新世纪,104.02041,30.68824,0.8,7
成都成华区成华区,104.10194,30.65984,0.8,1
成都新都区锦城村,104.10745,30.87122,0.8,7
成都锦江区锦源社区网络化服务管理工作站,104.096964,30.604613,0.8,7
成都武侯区青年旅社,104.0338,30.58364,0.8,7
成都青羊区成都哈斯顿酒店公寓,104.06972,30.66629,0.8,7
成都金牛区宽窄巷子店,104.04314,30.66856,0.8,7
成都锦江区春熙路,104.077,30.65557,0.8,7
成都青羊区成都和花和月精品名宿公寓,104.071335,30.669462,0.8,7
成都金牛区成都宽窄芙蓉精品度假公寓,104.048882,30.66893,0.8,7
成都金牛区成都宽窄芙蓉精品度假公寓,104.048882,30.66893,0.8,7
成都武侯区锦里小吃街,104.04968,30.64646,0.8,7
成都成华区成华区,104.10194,30.65984,0.8,1
成都成华区高地中心,104.10405,30.66891,0.8,7
成都金牛区成都天湖宾馆,104.06585,30.68438,0.8,7
成都成华区新鸿社区,104.10513,30.66077,0.8,7
成都金牛区阳光地带,104.01621,30.69229,0.8,7
成都成华区成华区,104.10194,30.65984,0.8,1
成都成华区成华区,104.10194,30.65984,0.8,1
成都锦江区成都瑞庭连锁酒店(晨辉二街店),104.10468,30.61234,0.8,7
成都武侯区泛悦国际,104.07856,30.61283,0.8,7
成都青羊区西二道街,104.05518,30.67312,0.8,7
成都锦江区锦江宾馆,104.06486,30.64821,0.8,7
成都武侯区四川省地税局,104.07577,30.64515,0.8,7
成都金牛区阳光金沙,104.01096,30.69103,0.8,7
成都成华区成华区,104.10194,30.65984,0.8,1
成都锦江区成都斑斓家民宿九眼桥店,104.092316,30.643276,0.8,7
成都金牛区西南交通大学(九里校区),104.05484,30.69791,0.8,7
成都武侯区康河郦景,104.02398,30.65012,0.8,7
成都武侯区神仙树大院,104.04358,30.61721,0.8,7
成都锦江区成都沙河堡医院,104.12634,30.61761,0.8,7
成都武侯区四川大学,104.08248,30.63116,0.8,7
成都锦江区锦洲花园,104.09509,30.62371,0.8,7
成都武侯区爱家馨城,104.02814,30.63752,0.8,7
成都武侯区康河郦景,104.02398,30.65012,0.8,7
成都金牛区伊丽特酒店,104.08589,30.69406,0.8,7
成都锦江区金茂假日酒店(成都九眼桥店),104.092557,30.64299,0.8,7
成都锦江区金茂假日酒店(成都九眼桥店),104.092557,30.64299,0.8,7
成都青羊区瑞思博雅酒店,104.05502,30.6729,0.8,7
成都金牛区成都站,104.07358,30.69658,0.8,7
成都武侯区太平园,104.01801,30.62086,0.8,7
成都武侯区希尔顿酒店,104.03601,30.62343,0.8,7
成都武侯区环球中心,104.0633,30.56889,0.8,7
成都金牛区蓝光・云鼎,104.02812,30.68777,0.8,7
成都成华区成华区,104.10194,30.65984,0.8,1
成都青羊区泡桐树公寓,104.05229,30.66579,0.8,7
成都武侯区龙腾小区,104.01585,30.65307,0.8,7
成都锦江区轩雅映月酒店(春熙店),104.07553,30.65281,0.8,7
成都成华区福顺苑,104.07438,30.70338,0.8,7
成都青羊区时代天骄大厦,104.08315,30.67224,0.8,7
成都锦江区礼顿酒店,104.08661,30.66433,0.8,7
成都青羊区二环路西二段77号,104.02103,30.67193,0.8,7
成都金牛区成都站,104.07358,30.69658,0.8,7
成都武侯区金楠国际,104.01346,30.63354,0.8,7
成都锦江区春熙路,104.077,30.65557,0.8,7
成都锦江区九眼桥,104.08906,30.64004,0.8,7
成都金牛区一品荷花,104.08045,30.69611,0.8,7
成都锦江区航天立交,104.14103,30.61157,0.8,7
成都青羊区赛格广场,104.07722,30.66474,0.8,7
成都武侯区美城云庭,104.04489,30.53476,0.8,7
成都金牛区一品天下,104.019732,30.688965,0.8,7
成都武侯区成都撒哈拉・何兮青年空间,104.06741,30.64306,0.8,7
成都青羊区长发街,104.05783,30.66703,0.8,7
成都青羊区天府广场,104.06506,30.6575,0.8,7
成都武侯区隐庐巷上生活馆,104.03546,30.64281,0.8,7
成都武侯区祥宇宾馆(新南路店),104.07681,30.63698,0.8,7
成都青羊区新华国际酒店,104.07217,30.66396,0.8,7
成都青羊区龙景花园,104.03481,30.65338,0.8,7
成都成华区华润・紫云府,104.1175,30.6469,0.8,7
成都锦江区育才・都市家园,104.102977,30.612112,0.8,7
成都成华区天鹅湖,104.14583,30.73547,0.8,7
成都双流区景茂・城果,104.06927,30.52827,0.8,7
成都武侯区四川大学,104.08248,30.63116,0.8,7
成都青羊区成都馨佳缘酒店公寓,104.05705,30.67429,0.8,7
成都成华区富丽花园,104.07364,30.70357,0.8,7
成都锦江区成都远洋太古里,104.0822,30.65292,0.8,7
成都武侯区蓝天小区,104.07759,30.61095,0.8,7
成都武侯区美逸酒店,104.02715,30.62285,0.8,7
成都成华区成华区,104.10194,30.65984,0.8,1
成都武侯区电信路,104.06194,30.64135,0.8,7
成都青羊区杜甫草堂,104.02749,30.66221,0.8,7
成都锦江区粼江峰阁,104.09183,30.63818,0.8,7
成都武侯区成都棕榈泉费尔蒙酒店,104.07012,30.55306,0.8,7
成都锦江区成都漫花园酒店,104.09826,30.62411,0.8,7
成都成华区成华区,104.10194,30.65984,0.8,1
成都武侯区五大花园,104.00132,30.6562,0.8,7
成都武侯区成都誉峰m4民宿,104.057015,30.583043,0.8,7
成都成华区成华区,104.10194,30.65984,0.8,1
成都锦江区左岸精品公寓喜年店,104.082428,30.650055,0.8,7
成都金牛区赛云台北路7号,104.06788,30.70658,0.8,7
成都锦江区正成财富,104.080705,30.660065,0.8,7
成都金牛区成华街9号,104.07704,30.68128,0.8,7
成都锦江区成都太古里精品酒店公寓,104.0825,30.65022,0.8,7
成都青羊区金地・金沙府邸,104.00602,30.69685,0.8,7
成都武侯区客道酒店,104.08051,30.64222,0.8,7
成都武侯区凤凰城三期,104.05223,30.5546,0.8,7
成都成华区河滨丽苑,104.07315,30.71039,0.8,7
成都锦江区河滨雅苑,104.09607,30.6251,0.8,7
成都锦江区流星花园,104.08575,30.65107,0.8,7
成都双流区金茂・光明城市-二号门,104.04826,30.52656,0.8,7
成都成华区上东1号三期,104.108094,30.714952,0.8,7
成都武侯区桐梓林,104.06536,30.61526,0.8,7
成都武侯区誉峰・东区,104.05756,30.58468,0.8,7
成都青羊区绿洲大酒店,104.07399,30.66545,0.8,7
成都青羊区苏坡立交,103.9905,30.67375,0.8,7
成都武侯区桂溪路,104.07978,30.60099,0.8,7
成都武侯区宜家民宿(成都火车南站店),104.059318,30.60551,0.8,7
成都青羊区文翁华府,104.05508,30.65408,0.8,7
成都金牛区成都国际商贸城,104.07868,30.79097,0.8,7
成都武侯区汇城港湾,104.078621,30.546702,0.8,7
成都成华区成华区,104.10194,30.65984,0.8,1
成都成华区成都东站,104.14078,30.62881,0.8,7
成都锦江区如家快捷酒店(成都春熙路步行街店),104.07748,30.65768,0.8,7
成都锦江区蜀都花园,104.10353,30.64452,0.8,7
成都成华区成华区,104.10194,30.65984,0.8,1
成都金牛区西林巷22号,104.04882,30.68211,0.8,7
成都武侯区都丽酒店(成都火车南站神仙树店),104.04846,30.61648,0.8,7
成都武侯区绿地GIC壹期,104.079724,30.617409,0.8,7
成都成华区成华区,104.10194,30.65984,0.8,1
成都武侯区四川省元度家居汇装饰建材有限公司,104.04642,30.65154,0.8,7
成都青羊区成都那些时光精品公寓,104.0688,30.67258,0.8,7
成都锦江区新良大酒店(上东大街店),104.07388,30.65393,0.8,7
成都青羊区东通顺街26号,104.08264,30.66994,0.8,7
成都温江区青年客栈,103.81222,30.69191,0.8,7
成都武侯区佳年华,104.04762,30.64082,0.8,7
成都新都区状元府邸,104.17829,30.81655,0.8,7
成都成华区成华区,104.10194,30.65984,0.8,1
成都武侯区龙湖・金楠时光,103.99293,30.64936,0.8,7
成都成华区成华区,104.10194,30.65984,0.8,1
成都双流区光明城市,104.04699,30.52775,0.8,7
成都成华区成华区,104.10194,30.65984,0.8,1
成都青羊区金沙,104.01189,30.68049,0.8,7
成都武侯区成科路9号,104.06939,30.62774,0.8,7
成都锦江区上东花园四组团,104.10829,30.6016,0.8,7
成都锦江区春熙路,104.077,30.65557,0.8,7
成都锦江区香槟广场,104.07886,30.65243,0.8,7
成都金牛区金仙桥,104.05564,30.67877,0.8,7
成都锦江区岷山安逸大酒店(成都春熙太古里店),104.07731,30.65488,0.8,7
成都锦江区岷山安逸大酒店(成都春熙太古里店),104.07731,30.65488,0.8,7
成都武侯区成都南站,104.06609,30.60738,0.8,7
成都锦江区世代锦江国际酒店,104.06147,30.64791,0.8,7
成都青羊区天府丽都喜来登饭店-健身中心,104.06603,30.66508,0.8,7
成都成华区成华区,104.10194,30.65984,0.8,1
成都金牛区成都宽窄雅居客栈,104.04874,30.66922,0.8,7
成都新都区顺城,104.126025,30.784935,0.8,7
成都双流区光明城市,104.04699,30.52775,0.8,7
成都武侯区成都,104.05607,30.64173,0.8,7
成都成华区成华区,104.10194,30.65984,0.8,1
成都成华区成华区,104.10194,30.65984,0.8,1
成都双流区摩登时代网咖,103.92231,30.57791,0.8,7
成都成华区交大・归谷建设派,104.12791,30.68393,0.8,7
成都青羊区成都武侯祠亚朵酒店,104.05589,30.65069,0.8,7
成都武侯区季风青年旅舍,104.04882,30.63634,0.8,7
成都双流区成都铭汇国际汽配商城,103.93721,30.59177,0.8,7
成都武侯区仁和春天国际花园,104.05264,30.58613,0.8,7
成都成华区博客庄园酒店,104.10344,30.71267,0.8,7
成都金牛区茶店子[地铁站],104.030457,30.696017,0.8,7
成都锦江区东安南路17号,104.08901,30.65573,0.8,7
成都武侯区罗浮世家,104.03837,30.63804,0.8,7
成都成华区成华区,104.10194,30.65984,0.8,1
成都武侯区成都明宇尚庭主题公寓,104.05904,30.55951,0.8,7
成都青羊区星逸酒店,104.07747,30.66844,0.8,7
成都锦江区春熙路,104.077,30.65557,0.8,7
成都成华区成华区,104.10194,30.65984,0.8,1
成都锦江区成都雅住158连锁酒店(锦华店),104.09888,30.60588,0.8,7
成都成华区财富又一城,104.09581,30.67929,0.8,7
成都成华区千居朝阳,104.12365,30.64964,0.8,7
成都武侯区碧云天,104.0312,30.63993,0.8,7
成都锦江区春熙路,104.077,30.65557,0.8,7
成都成华区成华区,104.10194,30.65984,0.8,1
成都金牛区抚琴西南路,104.0393,30.67596,0.8,7
成都锦江区致瑞雅苑B区,104.10622,30.61019,0.8,7
成都成华区成华区,104.10194,30.65984,0.8,1
成都青羊区宽窄巷子,104.050671,30.665409,0.8,7
成都成华区成华区,104.10194,30.65984,0.8,1
成都成华区成华区,104.10194,30.65984,0.8,1
成都成华区成华区,104.10194,30.65984,0.8,1
成都锦江区成都有客REX电影主题精品酒店,104.077286,30.656946,0.8,7
成都成华区成华区,104.10194,30.65984,0.8,1
成都锦江区玉沙路社区,104.08335,30.66508,0.8,7
成都锦江区加悦酒店公寓,104.06741,30.65491,0.8,7
成都成华区成华区,104.10194,30.65984,0.8,1
成都锦江区春熙里酒店,104.07832,30.65441,0.8,7
成都锦江区成都周末度假短租公寓(春熙店),104.08636,30.66114,0.8,7
成都锦江区春熙路,104.077,30.65557,0.8,7
成都锦江区春熙路,104.077,30.65557,0.8,7
成都成华区成华区,104.10194,30.65984,0.8,1
成都成华区成华区,104.10194,30.65984,0.8,1
成都青羊区新世纪广场,104.07003,30.6674,0.8,7
成都武侯区建发・天府鹭洲,104.03856,30.55234,0.8,7
成都青羊区融城云熙,104.07143,30.66938,0.8,7
成都成华区成华区,104.10194,30.65984,0.8,1
成都成华区成华区,104.10194,30.65984,0.8,1
成都成华区SM广场(二环路店),104.112359,30.66865,0.8,7
成都武侯区成都行者居别墅客栈(格桑店),104.00209,30.65291,0.8,7
成都成华区成华区,104.10194,30.65984,0.8,1
成都锦江区星城银座,104.07672,30.64952,0.8,7
成都锦江区四川师范大学,104.12052,30.60828,0.8,7
成都成华区经华北路,104.10861,30.64909,0.8,7
成都青羊区天府广场,104.06506,30.6575,0.8,7
成都武侯区盛世路,104.02128,30.63056,0.8,7
成都武侯区龙湖金楠天街,103.99537,30.6476,0.8,7
成都成华区成都乐居青年公寓,104.14403,30.62945,0.8,7
成都武侯区武侯祠,104.04759,30.64652,0.8,7
成都锦江区成都有客REX电影主题精品酒店,104.077286,30.656946,0.8,7
成都锦江区成都橙话馨语复式,104.085564,30.651194,0.8,7
成都青羊区群宁街,104.02064,30.66535,0.8,7
成都新都区滨江路,104.02113,30.87691,0.8,7
成都武侯区新会展中心,104.058815,30.559449,0.8,7
成都锦江区玉沙路社区,104.08335,30.66508,0.8,7
成都锦江区猛追湾,104.09511,30.66466,0.8,7
成都郫都区东大街,103.88861,30.80651,0.8,7
成都成华区成都东站,104.14078,30.62881,0.8,7
成都锦江区漫果酒店公寓(成都天府广场店),104.06751,30.65481,0.8,7
成都武侯区青年旅社,104.0338,30.58364,0.8,7
成都青羊区宽窄巷子,104.050671,30.665409,0.8,7
成都武侯区御府花都(A区),104.07026,30.59495,0.8,7
成都双流区元景路99号,104.05102,30.53133,0.8,7
成都锦江区春熙路,104.077,30.65557,0.8,7
成都青羊区成都帽魅臻选精品主题服务公寓,104.07129,30.66933,0.8,7
成都武侯区浆洗街4号,104.05718,30.64178,0.8,7
成都青羊区成都市水利电力勘测设计院,103.95472,30.68379,0.8,7
成都锦江区成都博爱医院,104.0877,30.65337,0.8,7
成都锦江区星宇蜀居主题酒店,104.07861,30.65894,0.8,7
成都成华区成华区,104.10194,30.65984,0.8,1
成都青羊区中铁二院,103.98199,30.66949,0.8,7
成都青羊区西姆善居酒店(蓉城楼店),104.06148,30.65461,0.8,7
成都武侯区雅颂居二期,104.04486,30.55445,0.8,7
成都武侯区新里维多利亚公寓,104.04147,30.61378,0.8,7
成都青羊区途家斯维登度假公寓(力迅领筑店),104.06009,30.65388,0.8,7
成都武侯区红树湾,104.08288,30.54778,0.8,7
成都武侯区成都长江公寓(会展店),104.06797,30.554604,0.8,7
成都成华区成华区,104.10194,30.65984,0.8,1
成都武侯区武侯祠,104.04759,30.64652,0.8,7
成都青羊区西姆善居酒店(蓉城楼店),104.06148,30.65461,0.8,7
成都郫都区东风路,104.02005,30.76636,0.8,7
成都武侯区中国社会保险,104.04908,30.6441,0.8,7
成都锦江区华润广场,104.09021,30.61982,0.8,7
成都青羊区巴中宾馆,104.08031,30.66734,0.8,7
成都成华区成华区,104.10194,30.65984,0.8,1
成都武侯区U+COFFEE(九眼桥店),104.08651,30.637,0.8,7
成都武侯区成都市,104.06476,30.5702,0.8,1
成都武侯区都城雅颂居,104.04516,30.55215,0.8,7
成都武侯区恒大B临阁,104.06097,30.54983,0.8,7
成都武侯区福年广场,104.06451,30.54757,0.8,7
成都锦江区正熙国际,104.07857,30.65357,0.8,7
成都武侯区积木公寓(中航店),104.06123,30.57839,0.8,7
成都成华区成华区,104.10194,30.65984,0.8,1
成都锦江区世代锦江小区,104.06242,30.64764,0.8,7
成都温江区青年客栈,103.81222,30.69191,0.8,7
成都锦江区泰合索菲特大饭店客房部,104.068783,30.647399,0.8,7
成都锦江区花园饭店,104.09508,30.64999,0.8,7
成都成华区成华区,104.10194,30.65984,0.8,1
成都武侯区成都梦之旅国际青年旅舍(武侯祠锦里店),104.04735,30.64387,0.8,7
成都成华区成都理工大学,104.14424,30.67282,0.8,7
成都武侯区积木公寓(中航店),104.06123,30.57839,0.8,7
成都锦江区威登酒店(春熙路店),104.07676,30.66065,0.8,7
成都武侯区成都市天府实验学校,104.038166,30.541795,0.8,7
成都锦江区成都优途逸家公寓,104.08165,30.66226,0.8,7
成都武侯区成都南站,104.06861,30.60587,0.8,7
成都成华区成华区,104.10194,30.65984,0.8,1
成都金牛区金仙桥,104.05564,30.67877,0.8,7
成都武侯区两江国际,104.05833,30.5601,0.8,7
成都成华区成华区,104.10194,30.65984,0.8,1
成都金牛区成都伊丽特酒店,104.08589,30.69406,0.8,7
成都武侯区红树湾,104.08288,30.54778,0.8,7
成都青羊区成都鼓楼智选假日酒店-会议厅,104.07263,30.66388,0.8,7
成都成华区成华区,104.10194,30.65984,0.8,1
成都金牛区西西里-二期,104.01949,30.70155,0.8,7
成都青羊区生活立方小区,104.00431,30.66625,0.8,7
成都成华区富丽花城,104.11332,30.71638,0.8,7
成都武侯区君怡食府(双楠店),104.01438,30.63813,0.8,7
成都成华区成华区,104.10194,30.65984,0.8,1
成都金牛区四川成都市金牛区蜀汉路289号平安银行营业部,104.02216,30.689534,0.8,7
成都金牛区万福桥,104.07186,30.67829,0.8,7
成都武侯区蜀都中心,104.06567,30.55188,0.8,7
成都郫都区皇城,103.76435,30.83584,0.8,7
成都成华区成华区,104.10194,30.65984,0.8,1
成都锦江区岷山安逸大酒店(成都春熙太古里店),104.07731,30.65488,0.8,7
成都武侯区保利心语,104.03982,30.54338,0.8,7
成都成华区成华区,104.10194,30.65984,0.8,1
成都成华区成华区,104.10194,30.65984,0.8,1
成都金牛区长青北街,104.04257,30.71266,0.8,7
成都锦江区成都周末度假短租公寓(春熙店),104.08636,30.66114,0.8,7
成都成华区成华区,104.10194,30.65984,0.8,1
成都青羊区宽窄巷子,104.050671,30.665409,0.8,7
成都武侯区两江国际,104.05833,30.5601,0.8,7
成都青羊区锦城华府,104.05964,30.67549,0.8,7
成都成华区成华区,104.10194,30.65984,0.8,1
成都青羊区金鹏街,103.99881,30.67952,0.8,7
成都武侯区成都蒙奇奇主题公寓(科华店),104.076019,30.624126,0.8,7
成都武侯区艾克斯网咖,104.049973,30.633278,0.8,7
成都成华区丽水澜庭,104.09169,30.7078,0.8,7
成都锦江区华润路,104.09741,30.61566,0.8,7
成都锦江区华润置地成都分公司,104.09509,30.61103,0.8,7
成都青羊区红庙子街,104.07405,30.66781,0.8,7
成都青羊区成都市青羊区国税局,104.06006,30.67396,0.8,7
成都武侯区成都市公安局高新分局芳草街派出所办证室,104.05358,30.63007,0.8,7
成都武侯区成都市公安局高新分局芳草街派出所办证室,104.05358,30.63007,0.8,7
成都成华区成华区,104.10194,30.65984,0.8,1
成都武侯区世外桃源酒店,104.07772,30.6295,0.8,7
成都武侯区峰汇中心2号楼,104.06229,30.54732,0.8,7
成都武侯区四川大学华西第二医院,104.06611,30.63917,0.8,7
成都成华区万年路251号,104.12375,30.65681,0.8,7
成都青羊区成都熊猫贝贝公寓,104.06681,30.67139,0.8,7
成都武侯区锦里,104.04997,30.64552,0.8,7
成都武侯区世外桃源酒店,104.07772,30.6295,0.8,7
成都锦江区一木依居酒店(天誉店),104.11124,30.637306,0.8,7
成都青羊区百花世家酒店,104.04482,30.65868,0.8,7
成都成华区成华区,104.10194,30.65984,0.8,1
成都青羊区草堂印象酒店,104.02752,30.66262,0.8,7
成都成华区成华区,104.10194,30.65984,0.8,1
成都双流区王府花园,103.92629,30.57147,0.8,7
成都成华区成华区,104.10194,30.65984,0.8,1
成都成华区成华区,104.10194,30.65984,0.8,1
成都武侯区都城雅颂居,104.04516,30.55215,0.8,7
成都锦江区成都爱客来精品度假公寓,104.086281,30.661242,0.8,7
成都武侯区晋阳路,103.99727,30.64976,0.8,7
成都锦江区环球汇・天誉,104.11381,30.63668,0.8,7
成都成华区成华区,104.10194,30.65984,0.8,1
成都成华区成华区,104.10194,30.65984,0.8,1
成都成华区成华区,104.10194,30.65984,0.8,1
成都成华区建设路,104.1068,30.67007,0.8,7
成都成华区观城,104.12165,30.6456,0.8,7
成都锦江区成都记忆空间服务公寓,104.086861,30.653624,0.8,7
成都锦江区星宇蜀居主题酒店,104.07861,30.65894,0.8,7
成都成华区万年场,104.11526,30.64959,0.8,7
成都双流区派酒店(蛟龙港海滨城广场店),103.90929,30.61706,0.8,7
成都武侯区环球中心,104.0633,30.56889,0.8,7
成都成华区上东酒店,104.11058,30.71453,0.8,7
成都青羊区盛世草堂,104.02299,30.66652,0.8,7
成都青羊区青羊物业大厦,104.06039,30.65993,0.8,7
成都成华区成华区,104.10194,30.65984,0.8,1
成都锦江区西姆・翰墨酒店,104.08628,30.66101,0.8,7
成都武侯区世纪城,104.068521,30.554863,0.8,7
成都青羊区四川省气象局,104.01867,30.66213,0.8,7
成都武侯区绿地之窗,104.05963,30.55163,0.8,7
成都成华区龙湖三千城,104.11121,30.67486,0.8,7
成都锦江区锦江区华兴新居,104.12117,30.60297,0.8,7
成都武侯区四川大学,104.08248,30.63116,0.8,7
成都锦江区轩雅映月酒店(春熙店),104.07553,30.65281,0.8,7
成都青羊区成都楚天君临酒店-洗手间,104.03239,30.66887,0.8,7
成都金牛区成都站,104.07358,30.69658,0.8,7
成都成华区华润・二十四城,104.11889,30.64934,0.8,7
成都武侯区凡花三舍青年公寓(成都武侯祠店),104.059219,30.646088,0.8,7
成都成华区成都东站,104.14078,30.62881,0.8,7
成都武侯区成都市第一人民医院,104.05101,30.58991,0.8,7
成都成华区成都时光青年旅舍,104.10442,30.68032,0.8,7
成都青羊区嘉好・弗斯达酒店文殊院店-会议中心,104.06928,30.67176,0.8,7
成都武侯区丽景华庭,104.01126,30.65127,0.8,7
成都武侯区明宇尚雅饭店,104.06406,30.64621,0.8,7
成都青羊区成都阿悦酒店公寓,104.069092,30.665606,0.8,7
成都青羊区吉祥街小区,104.05349,30.66902,0.8,7
成都青羊区成都银石国际公寓,104.06878,30.67261,0.8,7
成都武侯区皇家别墅,104.00167,30.65966,0.8,7
成都青羊区鑫万里客商务旅店(双清南路店),104.01751,30.67406,0.8,7
成都成华区品乐优选酒店建设路SM广场店,104.11098,30.67189,0.8,7
成都成华区成华区,104.10194,30.65984,0.8,1
成都武侯区龙腾中路,104.01344,30.65209,0.8,7
成都武侯区锦江之星(体育学院店),104.04197,30.65073,0.8,7
成都武侯区锦江之星(体育学院店),104.04197,30.65073,0.8,7
成都成华区成都东站,104.14078,30.62881,0.8,7
成都成华区海上海,104.15918,30.62645,0.8,7
成都武侯区天府一街,104.04644,30.56034,0.8,7
成都成华区成华奥园广场,104.13117,30.65537,0.8,7
成都锦江区蓝光・凯丽香江,104.08441,30.59878,0.8,7
成都锦江区外运小区,104.10238,30.6397,0.8,7
成都青羊区成都清居酒店春熙路提督街店,104.072212,30.659389,0.8,7
成都成华区兴元华盛,104.09617,30.7075,0.8,7
成都金牛区三环路,104.06191,30.72512,0.8,7
成都青羊区八宝大酒店,104.06155,30.67071,0.8,7
成都锦江区雅尚公寓(春熙店),104.08589,30.66202,0.8,7
成都青羊区成都蓉城・云熙精品名宿公寓,104.070984,30.66947,0.8,7
成都武侯区四川大学华西医院,104.06006,30.64187,0.8,7
成都武侯区成都梦之旅国际青年旅舍(武侯祠锦里店),104.04735,30.64387,0.8,7
成都成华区成华区,104.10194,30.65984,0.8,1
成都新都区滨江路,104.02113,30.87691,0.8,7
成都武侯区金域名人国际酒店,104.05731,30.60762,0.8,7
成都青羊区人民中路,104.06564,30.66695,0.8,7
成都武侯区武侯祠,104.04759,30.64652,0.8,7
成都锦江区成都初见精品公寓,104.08652,30.66134,0.8,7
成都成华区成都东站,104.14078,30.62881,0.8,7
成都青羊区四川省人民医院,104.04051,30.66351,0.8,7
成都武侯区图腾铂雅酒店,104.08097,30.6078,0.8,7
成都成华区成华区,104.10194,30.65984,0.8,1
成都成华区管家酒店连锁(双桥路地铁站万象城店),104.11257,30.64829,0.8,7
成都武侯区瑞廷西郊酒店,104.04663,30.55893,0.8,7
成都青羊区美丽云天国际酒店,104.02115,30.66576,0.8,7
成都武侯区瑞廷西郊酒店,104.04663,30.55893,0.8,7
成都武侯区瑞廷西郊酒店,104.04663,30.55893,0.8,7
成都金牛区宽窄巷子店,104.04314,30.66856,0.8,7
成都金牛区龙湖・北城天街二期,104.06562,30.71055,0.8,7
成都成华区慕森主题酒店,104.103671,30.712682,0.8,7
成都武侯区朴院精品酒店,104.0771,30.64145,0.8,7
成都锦江区春熙路,104.077,30.65557,0.8,7
成都青羊区成都明德坊酒店,104.05163,30.66406,0.8,7
成都武侯区成都行者居别墅客栈-印象店,104.00134,30.65296,0.8,7
成都成华区富丽东方,104.15508,30.62972,0.8,7
成都锦江区春熙路,104.077,30.65557,0.8,7
成都金牛区成都青巢・宽窄精品主题服务公寓,104.045441,30.680294,0.8,7
成都锦江区四川师范大学,104.12052,30.60828,0.8,7
成都锦江区玉皇观街1号,104.08851,30.6652,0.8,7
成都武侯区华西坝,104.06663,30.64253,0.8,7
成都武侯区瑞泰锦城,103.99817,30.64837,0.8,7
成都武侯区中海・翠屏湾,104.05099,30.59998,0.8,7
成都武侯区保利中心C座,104.07204,30.62449,0.8,7
成都成华区成华区,104.10194,30.65984,0.8,1
成都锦江区城市理想A座,104.0675,30.6548,0.8,7
成都成华区成华区,104.10194,30.65984,0.8,1
成都武侯区心族宾馆,104.06649,30.62308,0.8,7
成都青羊区群康路51号,104.01843,30.66707,0.8,7
成都武侯区锦江之星(体育学院店),104.04197,30.65073,0.8,7
成都成华区成华区,104.10194,30.65984,0.8,1
成都青羊区78号观邸,104.04761,30.65558,0.8,7
成都锦江区红星国际,104.08579,30.66204,0.8,7
成都成华区桃蹊路,104.10931,30.68207,0.8,7
成都成华区沙河・路苑,104.0889,30.6994,0.8,7
成都成华区富丽东方,104.15508,30.62972,0.8,7
成都武侯区燃灯寺北街,104.03518,30.64619,0.8,7
成都成华区成华区,104.10194,30.65984,0.8,1
成都金牛区人民食堂(蜀汉路店),104.01208,30.69498,0.8,7
成都锦江区山姆老爹(春熙路店),104.07755,30.65612,0.8,7
成都金牛区金城丽景,104.04297,30.69399,0.8,7
成都成华区上东1号三期,104.108094,30.714952,0.8,7
成都成华区成华区,104.10194,30.65984,0.8,1
成都锦江区春熙路,104.077,30.65557,0.8,7
成都锦江区流星花园,104.08575,30.65107,0.8,7
成都成华区成都东站,104.14078,30.62881,0.8,7
成都武侯区金控时代广场,104.06178,30.55368,0.8,7
成都金牛区人民食堂(蜀汉路店),104.01208,30.69498,0.8,7
成都金牛区人民食堂(蜀汉路店),104.01208,30.69498,0.8,7
成都武侯区康河郦景,104.02398,30.65012,0.8,7
成都成华区成华区,104.10194,30.65984,0.8,1
成都成华区成华区,104.10194,30.65984,0.8,1
成都青羊区天合凯旋城,104.00222,30.66681,0.8,7
成都金牛区人民北路,104.07318,30.68658,0.8,7
成都青羊区新城市广场,104.05733,30.67386,0.8,7
成都双流区新,104.0907,30.55709,0.8,7
成都武侯区九龙鼎青年客栈,104.04687,30.64348,0.8,7
成都锦江区凯丽香江生活广场,104.08278,30.59895,0.8,7
成都金牛区人民食堂(蜀汉路店),104.01208,30.69498,0.8,7
成都青羊区蓉城四季酒店,104.00272,30.66954,0.8,7
成都成华区成华区,104.10194,30.65984,0.8,1
成都锦江区轩雅映月酒店(春熙店),104.07553,30.65281,0.8,7
成都锦江区京都大厦,104.07819,30.6545,0.8,7
成都青羊区金林大城小室,104.01638,30.67196,0.8,7
成都武侯区尚尊健身会所,104.08554,30.54829,0.8,7
成都金牛区火车北站,104.0736,30.69725,0.8,7
成都金牛区慵懒主题客栈,104.03348,30.67552,0.8,7
成都武侯区新乐路,104.042,30.60458,0.8,7
成都金牛区老宋国际青年旅社,104.08743,30.68065,0.8,7
成都金牛区火车北站,104.0736,30.69725,0.8,7
成都青羊区浪漫满屋度假公寓(成都宽窄巷子店),104.05447,30.6601,0.8,7
成都金牛区瑞安・城中汇,104.0902,30.69257,0.8,7
成都成华区都豪主题酒店,104.07564,30.7005,0.8,7
成都青羊区文殊院,104.0721,30.67516,0.8,7
成都青羊区天府丽都喜来登饭店-健身中心,104.06603,30.66508,0.8,7
成都成华区瑞峰公寓酒店,104.14481,30.62966,0.8,7
成都青羊区金林大城小室,104.01638,30.67196,0.8,7
成都青羊区泰丰国际广场,104.06576,30.6686,0.8,7
成都青羊区天府广场,104.06584,30.65742,0.8,7
成都成华区希岸酒店(成都火车东站店),104.15581,30.62743,0.8,7
成都新都区顺城,104.126025,30.784935,0.8,7
成都青羊区繁星我们国际青年旅舍(春熙太升路店),104.08268,30.6719,0.8,7
成都武侯区祥福苑大厦,104.06497,30.621,0.8,7
成都武侯区南城都汇,104.05209,30.59145,0.8,7
成都青羊区胖圈民宿,104.0396,30.65809,0.8,7
成都成华区成华区,104.10194,30.65984,0.8,1
成都武侯区华润・凤凰城,104.05346,30.55389,0.8,7
成都成华区金科・圣嘉公寓酒店,104.10291,30.71717,0.8,7
成都金牛区曦城,104.05349,30.67667,0.8,7
成都锦江区正成・财富ID,104.08106,30.66029,0.8,7
成都青羊区索菲斯锦苑宾馆,104.0706,30.67689,0.8,7
成都青羊区成都朴宿PUSUHomestay,104.05942,30.64933,0.8,7
成都青羊区途乐公寓(成都宽窄巷子店),104.05447,30.6601,0.8,7
成都成华区金科・圣嘉公寓酒店,104.10291,30.71717,0.8,7
成都成华区金科・圣嘉公寓酒店,104.10291,30.71717,0.8,7
成都武侯区雅舍精品酒店(成都金融城店),104.06188,30.58436,0.8,7
成都武侯区弗斯达酒店,104.05156,30.60082,0.8,7
成都锦江区外滩,104.0923,30.64028,0.8,7
成都青羊区成都书院,104.07413,30.67397,0.8,7
成都成华区双桥子,104.10675,30.64791,0.8,7
成都金牛区天悦城,104.05572,30.72408,0.8,7
成都成华区成华区,104.10194,30.65984,0.8,1
成都成华区成华区,104.10194,30.65984,0.8,1
成都成华区成华区,104.10194,30.65984,0.8,1
成都金牛区澳林春天,104.03702,30.68998,0.8,7
成都锦江区泰合索菲特大饭店客房部,104.068783,30.647399,0.8,7
成都成华区万象城,104.11508,30.64843,0.8,7
成都成华区五块石汽车站,104.07318,30.70213,0.8,7
成都成华区金科・圣嘉公寓酒店,104.10291,30.71717,0.8,7
成都武侯区四川大学,104.08248,30.63116,0.8,7
成都青羊区王家塘街81号,104.06205,30.67335,0.8,7
成都青羊区成都鼓楼智选假日酒店-会议厅,104.07263,30.66388,0.8,7
成都武侯区风华苑,104.05817,30.61252,0.8,7
成都成华区成华区,104.10194,30.65984,0.8,1
成都武侯区客道酒店(致民路店),104.08051,30.64222,0.8,7
成都青羊区铸信境界,103.99149,30.66998,0.8,7
成都成华区金科・圣嘉公寓酒店,104.10291,30.71717,0.8,7
成都锦江区成都慕思威尔酒店,104.06249,30.64962,0.8,7
成都成华区观城,104.12165,30.6456,0.8,7
成都武侯区莱普敦酒店,104.06557,30.54651,0.8,7
成都金牛区金沙巷16号,104.04429,30.68746,0.8,7
成都锦江区云顶国际公寓,104.086884,30.65361,0.8,7
成都金牛区红花教师苑,104.08424,30.69046,0.8,7
成都青羊区东坡北二路,103.99128,30.66166,0.8,7
成都成华区成华区,104.10194,30.65984,0.8,1
成都青羊区成都风尚国际精品公寓,104.0688,30.67258,0.8,7
成都武侯区美豪丽致酒店(高新店),104.064846,30.593719,0.8,7
成都锦江区春熙路,104.077,30.65557,0.8,7
成都青羊区成都芊吉假日酒店(天府广场店),104.0602,30.65383,0.8,7
成都金牛区瑞安・城中汇,104.0902,30.69257,0.8,7
成都锦江区桦林园,104.1053,30.59999,0.8,7
成都青羊区清溪南街11号,104.02153,30.67674,0.8,7
成都新都区滨江路,104.02113,30.87691,0.8,7
成都成华区成华区,104.10194,30.65984,0.8,1
成都成华区成都东站,104.14078,30.62881,0.8,7
成都金牛区书香门第,104.06145,30.68252,0.8,7
成都青羊区御隆酒店(西南财大店),104.020765,30.679583,0.8,7
成都青羊区龙文商务酒店(文殊院店),104.07869,30.67388,0.8,7
成都武侯区成都,104.05607,30.64173,0.8,7
成都锦江区万友酒店,104.10337,30.60094,0.8,7
成都青羊区成都市公安局,104.07004,30.67138,0.8,7
成都成华区成华区,104.10194,30.65984,0.8,1
成都双流区鑫怡家连锁酒店(城市店),103.922913,30.579416,0.8,7
成都武侯区英郡,104.07279,30.54765,0.8,7
成都青羊区贝森南路,104.00356,30.66764,0.8,7
成都成华区领都龙城2期,104.10917,30.70011,0.8,7
成都武侯区石羊场,104.04852,30.55798,0.8,7
成都青羊区蓉城四季酒店,104.00272,30.66954,0.8,7
成都成华区成华区,104.10194,30.65984,0.8,1
成都金牛区凯丽豪景,104.0269,30.68645,0.8,7
成都新都区顺城,104.126025,30.784935,0.8,7
成都武侯区龙湖世纪,104.07914,30.55505,0.8,7
成都锦江区华润凯旋天地,104.12833,30.61126,0.8,7
成都武侯区龙湖金楠天街,103.99537,30.6476,0.8,7
成都金牛区星辉家园,104.08329,30.67394,0.8,7
成都成华区成华区,104.10194,30.65984,0.8,1
成都成华区五块石汽车站,104.07318,30.70213,0.8,7
成都武侯区石羊场,104.04852,30.55798,0.8,7
成都成华区成华区,104.10194,30.65984,0.8,1
成都武侯区建发・天府鹭洲,104.03856,30.55234,0.8,7
成都锦江区翡翠城5期,104.09198,30.61142,0.8,7
成都锦江区蜀都花园,104.10353,30.64452,0.8,7
成都锦江区柳江新居,104.09355,30.60404,0.8,7
成都武侯区太平园中五路,104.00551,30.62938,0.8,7
成都武侯区九龙鼎青年客栈,104.04687,30.64348,0.8,7
成都武侯区禧瑞酒店(玉林店),104.05957,30.63244,0.8,7
成都成华区成功・银玺国际,104.11607,30.67694,0.8,7
成都成华区远锦国际酒店,104.15465,30.62904,0.8,7
成都锦江区红星国际,104.08579,30.66204,0.8,7
成都成华区成华区,104.10194,30.65984,0.8,1
成都锦江区春熙路,104.077,30.65557,0.8,7
成都锦江区海桐街,104.13594,30.60594,0.8,7
成都成华区成华区,104.10194,30.65984,0.8,1
成都青羊区成都迷津青年旅舍,104.070462,30.659517,0.8,7
成都武侯区非宿艺舍(成都杜甫草堂店),104.003202,30.653357,0.8,7
成都金牛区羊犀立交,104.012429,30.694208,0.8,7
成都锦江区喜欢主题酒店(赛格广场店),104.07981,30.665,0.8,7
成都青羊区汇厦・少城,104.0513,30.65723,0.8,7
成都武侯区绿地GIC壹期,104.079724,30.617409,0.8,7
成都锦江区娇子立交,104.12705,30.59987,0.8,7
成都青羊区旅游职中教师公寓,104.02219,30.65956,0.8,7
成都锦江区亚朵轻居酒店(春熙路店),104.0817,30.65864,0.8,7
成都锦江区周末度假公寓(春熙一店),104.08636,30.66114,0.8,7
成都武侯区红树湾,104.08288,30.54778,0.8,7
成都成华区成华区,104.10194,30.65984,0.8,1
成都武侯区华润・凤凰城,104.05346,30.55389,0.8,7
成都金牛区抚琴街南三巷,104.03989,30.68012,0.8,7
成都金牛区西南交通大学(九里校区),104.05484,30.69791,0.8,7
成都武侯区成都市,104.06476,30.5702,0.8,1
成都新都区顺城,104.126025,30.784935,0.8,7
成都双流区家益欣城,104.05157,30.53006,0.8,7
成都武侯区龙湖金楠天街,103.99537,30.6476,0.8,7
,,,,,
